start_date,end_date_NDX,years_NDX,num_investments_NDX,total_invested_NDX,final_value_NDX,total_return_NDX,total_return_pct_NDX,cagr_NDX,avg_purchase_price_NDX,final_price_NDX,end_date_3x,years_3x,num_investments_3x,total_invested_3x,final_value_3x,total_return_3x,total_return_pct_3x,cagr_3x,avg_purchase_price_3x,final_price_3x,Outperformance_Ratio,CAGR_Diff,3x_Outperformed
1985-10-02,2005-10-02,20.0,240,240000,997649.6938991989,757649.6938991989,315.6873724579996,7.383694489141379,385.30399052271355,1601.6600341796875,2005-10-02,20.0,240,240000,535069.1792702208,295069.1792702208,122.94549136259201,4.0902219797394945,6.3057668656001935,14.058422922691866,0.5363297182791332,-3.2934725094018846,False
1985-11-02,2005-11-02,20.0,241,241000,982509.7974499242,741509.7974499242,307.6804138796366,7.279315139837972,391.79955295426174,1597.2900390625,2005-11-02,20.0,241,241000,513918.9323996379,272918.9323996379,113.24437029030618,3.858938306428006,6.484276254485272,13.82735406676097,0.523067488724794,-3.420376833409966,False
1985-12-02,2005-12-02,20.0,241,241000,1037556.7164557321,796556.7164557321,330.5214591102623,7.572123100281902,396.98369022488475,1709.0999755859375,2005-12-02,20.0,241,241000,612561.6931056756,371561.69310567563,154.17497639239653,4.774751530745602,6.635973215100056,16.866983352886326,0.5903886345588616,-2.7973715695363,False
1986-01-02,2006-01-02,20.0,240,240000,985622.2783631224,745622.2783631224,310.67594931796765,7.3185913357995735,400.6078159444569,1645.199951171875,2006-01-02,20.0,240,240000,533923.777556428,293923.777556428,122.46824064851165,4.07906954170123,6.743388713294016,15.001898230555504,0.5417123671789814,-3.2395217940983434,False
1986-02-02,2006-02-02,20.0,241,241000,999087.3908118899,758087.3908118899,314.5590833244357,7.369102231984059,406.6416796401394,1685.77001953125,2006-02-02,20.0,241,241000,561052.6416742705,320052.6416742705,132.8019260059214,4.3156163531600455,6.869676310558652,15.992738761353062,0.561565131172701,-3.053485878824014,False
1986-03-02,2006-03-02,20.0,241,241000,992217.0477628896,751217.0477628896,311.70831857381313,7.33206428648554,411.40291630838294,1693.780029296875,2006-03-02,20.0,241,241000,557110.6285736742,316110.62857367424,131.1662359226864,4.278846879202436,6.975976664318846,16.126102673750854,0.5614806053068412,-3.053217407283104,False
1986-04-02,2006-04-02,20.0,240,240000,985813.1173594265,745813.1173594265,310.7554655664277,7.319630206842076,414.7625964831308,1703.6600341796875,2006-04-02,20.0,240,240000,555790.1410999841,315790.14109998406,131.5792254583267,4.288153940947992,7.055331842285248,16.338682833878867,0.5637885429935333,-3.031476265894084,False
1986-05-02,2006-05-02,20.0,241,241000,968510.5708439538,727510.5708439538,301.8716061593169,7.202364916939619,420.5149176528252,1689.9300537109375,2006-05-02,20.0,241,241000,535074.8578925164,294074.8578925164,122.02276261100266,4.06863904220629,7.1511264853692635,15.877128580623937,0.5524718820841116,-3.1337258747333285,False
1986-06-02,2006-06-02,20.0,241,241000,914958.994025402,673958.994025402,279.651034865312,6.897913731360705,424.83751558487586,1612.9000244140625,2006-06-02,20.0,241,241000,456506.08883403457,215506.08883403457,89.42161362408073,3.2455819623683935,7.219717674749333,13.675705718613147,0.49893611824680373,-3.652331768992312,False
1986-07-02,2006-07-02,20.0,240,240000,883867.8518051755,643867.8518051755,268.2782715854898,6.735479341095463,427.7281887109884,1575.22998046875,2006-07-02,20.0,240,240000,415877.7944624425,175877.7944624425,73.28241435935105,2.78688967159495,7.264962766235956,12.588902883641563,0.47052033130639465,-3.948589669500513,False
1986-08-02,2006-08-02,20.0,241,241000,834719.7565791048,593719.7565791048,246.35674546850822,6.408466030314908,433.21806204151954,1500.47998046875,2006-08-02,20.0,241,241000,353697.91971257597,112697.91971257597,46.76262228737592,1.9367476700717923,7.331695879457264,10.76018913082697,0.42373253648879783,-4.471718360243115,False
1986-09-02,2006-09-02,20.0,240,240000,873072.831672821,633072.831672821,263.78034653034206,6.669918093041627,436.93123772714614,1589.469970703125,2006-09-02,20.0,240,240000,411277.11487677327,171277.11487677327,71.36546453198886,2.7297343641582428,7.418212025747045,12.712253497889286,0.47106850649419474,-3.940183728883384,False
1986-10-02,2006-10-02,20.0,241,241000,887963.5642798612,646963.5642798612,268.44961173438224,6.737961707560736,443.156949170801,1632.81005859375,2006-10-02,20.0,241,241000,438834.0036290694,197834.00362906943,82.08879818633586,3.041971982247671,7.519596361279461,13.692342642717213,0.49420271425772294,-3.6959897253130647,False
1986-11-02,2006-11-02,20.0,241,241000,918661.0766907684,677661.0766907684,281.1871687513562,6.91949865021777,448.64312971164986,1710.1700439453125,2006-11-02,20.0,241,241000,492900.23980924056,251900.23980924056,104.52292108267243,3.6423136470001616,7.642546720514552,15.630759797904348,0.5365419873722987,-3.2771850032176086,False
1986-12-02,2006-12-02,20.0,240,240000,941292.3154384329,701292.3154384329,292.20513143268033,7.071938026087676,452.59989042797014,1775.1199951171875,2006-12-02,20.0,240,240000,539779.7008283839,299779.7008283839,124.90820867849331,4.135849773656108,7.734817474382358,17.39623942618444,0.5734453495213829,-2.936088252431568,False
1987-01-02,2007-01-02,20.0,240,240000,920804.9429108829,680804.9429108829,283.66872621286785,6.954194186947804,457.92109295853726,1756.9000244140625,2007-01-02,20.0,240,240000,514656.32864259783,274656.32864259783,114.44013693441578,3.8879804481646962,7.839088625410477,16.810152382740437,0.5589200325268098,-3.066213738783108,False
1987-02-02,2007-02-02,20.0,241,241000,931849.2681450184,690849.2681450184,286.6594473630782,6.99572634046659,465.0423045772228,1798.1300048828125,2007-02-02,20.0,241,241000,540964.9246283288,299964.92462832876,124.46677370470074,4.125620685494158,7.9801935349765625,17.912882963353,0.5805283570219444,-2.8701056549724324,False
1987-03-02,2007-03-02,20.0,241,241000,885349.7881548398,644349.7881548398,267.3650573256597,6.722230208230928,469.84055638334536,1726.030029296875,2007-03-02,20.0,241,241000,470010.3803279641,229010.38032796409,95.0250540779934,3.3961862908356677,8.048139776900639,15.695888952172968,0.5308753518849473,-3.3260439173952605,False
1987-04-02,2007-04-02,20.0,241,241000,900817.9252780741,659817.9252780741,273.78337148467807,6.81469355195401,474.42719268408626,1773.3299560546875,2007-04-02,20.0,241,241000,503084.6447919936,262084.6447919936,108.74881526638738,3.748350595101968,8.104440126469308,16.91792274797839,0.5584753929454679,-3.0663429568520417,False
1987-05-02,2007-05-02,20.0,241,241000,950876.9594762188,709876.9594762188,294.5547549693854,7.103919456305241,478.95252982450546,1889.72998046875,2007-05-02,20.0,241,241000,602574.5236592585,361574.5236592585,150.03092268019026,4.688670906504178,8.157312077355584,20.395802652914764,0.6337039904628468,-2.4152485498010634,False
1987-06-02,2007-06-02,20.0,240,240000,959922.5846208271,719922.5846208271,299.9677435920113,7.176914092549391,482.10387979000484,1928.260009765625,2007-06-02,20.0,240,240000,631855.6131784683,391855.6131784683,163.27317215769511,4.959156127036279,8.192543391162928,21.56876886631025,0.6582360112175646,-2.217757965513112,False
1987-07-02,2007-07-02,20.0,241,241000,964215.2594944004,723215.2594944004,300.0893192922823,7.178542752315176,488.4209352486162,1954.1199951171875,2007-07-02,20.0,241,241000,650476.9481924894,409476.94819248945,169.9074473827757,5.089843042872855,8.274196011269183,22.332671245464095,0.674617977456171,-2.088699709442321,False
1987-08-02,2007-08-02,20.0,241,241000,961043.6213908013,720043.6213908013,298.7732868841499,7.160887783282877,493.1624159060751,1966.5999755859375,2007-08-02,20.0,241,241000,653711.2623904782,412711.26239047816,171.24948646907808,5.115908024519844,8.329108298878587,22.592663488161534,0.6802097717941684,-2.0449797587630325,False
1987-09-02,2007-09-02,20.0,240,240000,961672.0962922527,721672.0962922527,300.69670678843863,7.18667243814779,496.3180247744755,1988.72998046875,2007-09-02,20.0,240,240000,659616.7873006816,419616.7873006816,174.84032804195067,5.185051255560191,8.35812387936958,22.971495088211967,0.6859061314598274,-2.0016211825875985,False
1987-10-02,2007-10-02,20.0,241,241000,1014924.0756153187,773924.0756153187,321.1303218320825,7.453564233794374,502.4311437307986,2115.889892578125,2007-10-02,20.0,241,241000,785475.8268994652,544475.8268994652,225.9235796263341,6.085441728433882,8.425620224358152,27.461083040948452,0.7739257012139102,-1.3681225053604917,False
1987-11-02,2007-11-02,20.0,241,241000,1052481.6263793078,811481.6263793078,336.71436779224393,7.648968816686752,506.93548705845745,2213.860107421875,2007-11-02,20.0,241,241000,884429.4549908494,643429.4549908494,266.98317634475075,6.71668050686447,8.467682151922372,31.07496892390226,0.8403276910718311,-0.9322883098222823,False
1987-12-02,2007-12-02,20.0,240,240000,979443.5422332679,739443.5422332679,308.1014759305283,7.2848524554848915,511.9070184426092,2089.10009765625,2007-12-02,20.0,240,240000,709350.2154882757,469350.21548827575,195.56258978678156,5.568043583953575,8.620764803089129,25.479755711437573,0.7242379829988549,-1.7168088715313168,False
1988-01-02,2008-01-02,20.0,241,241000,948109.6657786557,707109.6657786557,293.4065003230936,7.088312889484927,521.0157837387362,2049.7099609375,2008-01-02,20.0,241,241000,643780.0196592443,402780.01965924434,167.128638862757,5.035479542007537,8.90497821752419,23.78774710349737,0.6790142985521891,-2.0528333474773897,False
1988-02-02,2008-02-02,20.0,240,240000,846704.1907059352,606704.1907059352,252.79341279413967,6.506477971772173,525.8800057624172,1855.27001953125,2008-02-02,20.0,240,240000,457261.8758634311,217261.87586343108,90.52578160976294,3.275590683366447,9.051750912269648,17.245919174970595,0.5400491468953181,-3.230887288405726,False
1988-03-02,2008-03-02,20.0,240,240000,786478.6828599446,546478.6828599446,227.69945119164362,6.114268769344489,532.5825274301694,1745.27001953125,2008-03-02,20.0,240,240000,368104.8976215818,128104.8976215818,53.37704067565908,2.1616780294239524,9.237802183543268,14.168667612590081,0.4680417990262726,-3.9525907399205362,False
1988-04-02,2008-04-02,20.0,241,241000,824641.8948694315,583641.8948694315,242.1750601117973,6.343859414604713,540.3082411161337,1848.800048828125,2008-04-02,20.0,241,241000,419625.194746554,178625.194746554,74.11833806910954,2.8116255138749047,9.38991537453997,16.3495645962448,0.5088574778425425,-3.5322339007298087,False
1988-05-02,2008-05-02,20.0,241,241000,873434.1401263028,632434.1401263028,262.42080503166096,6.649949965032498,546.8422252812038,1981.8699951171875,2008-05-02,20.0,241,241000,500526.2410138562,259526.2410138562,107.68723693521005,3.7219063902945937,9.549966196153568,19.834060921037924,0.5730555035797864,-2.928043574737904,False
1988-06-02,2008-06-02,20.0,241,241000,874084.2717113686,633084.2717113686,262.69056917484176,6.653917751210359,553.320140191701,2006.8399658203125,2008-06-02,20.0,241,241000,507452.62504627096,266452.62504627096,110.56125520592155,3.793205103489905,9.701200177230444,20.426968863215507,0.5805534334266536,-2.8607126477204536,False
1988-07-02,2008-07-02,20.0,241,241000,781736.0629924382,540736.0629924382,224.3718103703063,6.060130031287558,559.897613279257,1816.1500244140625,2008-07-02,20.0,241,241000,362240.9444860413,121240.94448604132,50.307445844830426,2.058463276160616,9.85230514502621,14.80874822032771,0.46338011207952334,-4.0016667551269425,False
1988-08-02,2008-08-02,20.0,240,240000,776698.8716611045,536698.8716611045,223.62452985879355,6.047899694694658,564.4071725313064,1826.56005859375,2008-08-02,20.0,240,240000,357832.34389608796,117832.34389608796,49.09680995670331,2.0172042316911387,9.954056855831913,14.841181233321906,0.46070923616871207,-4.03069546300352,False
1988-09-02,2008-09-02,20.0,241,241000,778502.6602008116,537502.6602008116,223.03014946091767,6.038152620127479,572.7453049617834,1850.1400146484375,2008-09-02,20.0,241,241000,362630.69618974574,121630.69618974574,50.46916854346296,2.06395094196854,10.11611516901705,15.221634383719088,0.46580533982530853,-3.9742016781589395,False
1988-10-02,2008-10-02,20.0,241,241000,619733.5661289172,378733.56612891715,157.1508573149034,4.83574814692691,579.8580649978428,1491.1099853515625,2008-10-02,20.0,241,241000,168780.6163850448,-72219.38361495521,-29.96654921782374,-1.7652201285004998,10.271296579096427,7.193343434412851,0.2723438354958089,-6.600968275427411,False
1988-11-02,2008-11-02,20.0,240,240000,547209.7858461161,307209.78584611614,128.00407743588173,4.20705697385666,585.4193680690802,1334.780029296875,2008-11-02,20.0,240,240000,101575.76119482455,-138424.23880517547,-57.676766168823114,-4.20806586404372,10.431787839713373,4.415069960174168,0.18562489893663783,-8.41512283790038,False
1988-12-02,2008-12-02,20.0,241,241000,458610.5561684295,217610.5561684295,90.29483658441058,3.2693278229809053,593.8153763298549,1130.0,2008-12-02,20.0,241,241000,54820.77676105578,-186179.22323894422,-77.252789725703,-7.1362094029228995,10.399175865767374,2.3655224009800504,0.11953666574766386,-10.405537225903805,False
1989-01-02,2009-01-02,20.0,241,241000,506509.1130724841,265509.1130724841,110.16975646161164,3.783547381680852,601.2758317121117,1263.699951171875,2009-01-02,20.0,241,241000,72923.25425360496,-168076.74574639503,-69.74138827651247,-5.801833438379234,10.485150133385563,3.172660867485873,0.14397224525981878,-9.585380820060085,False
1989-02-02,2009-02-02,20.0,241,241000,473426.26506588643,232426.26506588643,96.44243363729727,3.4336297108503055,608.7024976527122,1195.75,2009-02-02,20.0,241,241000,59459.24249129247,-181540.75750870752,-75.3281151488413,-6.758314295979306,10.529231919723323,2.5977599749455846,0.1255934595918914,-10.191944006829612,False
1989-03-02,2009-03-02,20.0,241,241000,421608.92492809903,180608.92492809903,74.94146262576723,2.835872622589819,615.4458913199512,1076.6700439453125,2009-03-02,20.0,241,241000,42271.80557666843,-198728.1944233316,-82.45983171092597,-8.335391523478409,10.451995147986358,1.83329753852266,0.10026307100561839,-11.171264146068228,False
1989-04-02,2009-04-02,20.0,241,241000,500850.9264820892,259850.9264820892,107.82196119588765,3.7252695130011393,622.7927218953299,1294.300048828125,2009-04-02,20.0,241,241000,69517.52840887787,-171482.47159112213,-71.15455252743656,-6.02683284534028,10.486033272173888,3.024743219480443,0.13879884159775807,-9.75210235834142,False
1989-05-02,2009-05-02,20.0,240,240000,532929.7524966949,292929.7524966949,122.05406354028953,4.06937257667721,628.9549368520267,1396.6199951171875,2009-05-02,20.0,240,240000,84335.50196565689,-155664.49803434312,-64.86020751430964,-5.094810731636901,10.629972479489997,3.73535027057878,0.15824881529049162,-9.164183308314112,False
1989-06-02,2009-06-02,20.0,241,241000,559527.2347714254,318527.23477142537,132.168977083579,4.301417184240064,637.6002845810231,1480.31005859375,2009-06-02,20.0,241,241000,99313.37699658264,-141686.62300341736,-58.791129876936665,-4.335779884369073,10.600499485643521,4.368346065434835,0.17749516167368248,-8.637197068609137,False
1989-07-02,2009-07-02,20.0,241,241000,541023.8633216262,300023.8633216262,124.49122959403579,4.126187885895072,644.2478986427625,1446.280029296875,2009-07-02,20.0,241,241000,91593.50135431299,-149406.498645687,-61.99439777829336,-4.722055126560843,10.603055550340663,4.02975511580906,0.16929660143264838,-8.848243012455914,False
1989-08-02,2009-08-02,20.0,240,240000,591980.7037855929,351980.7037855929,146.65862657733038,4.617615093795435,650.0319926369534,1603.3599853515625,2009-08-02,20.0,240,240000,121896.02043165427,-118103.97956834573,-49.20999148681072,-3.3306242122602914,10.702433253209303,5.435766760423405,0.20591215161601498,-7.948239306055727,False
1989-09-02,2009-09-02,20.0,241,241000,583116.9753747717,342116.97537477175,141.95725119285134,4.516999186680626,658.9097956093734,1594.280029296875,2009-09-02,20.0,241,241000,119142.3178994722,-121857.6821005278,-50.56335356868373,-3.461076854763645,10.704193446101488,5.29179426727332,0.2043197556080389,-7.978076041444271,False
1989-10-02,2009-10-02,20.0,241,241000,601629.383657951,360629.383657951,149.63874840578882,4.680454558141389,665.9583100985551,1662.489990234375,2009-10-02,20.0,241,241000,133564.3009395172,-107435.69906048279,-44.57912824086423,-2.9079507216392853,10.737716483499302,5.950936082179732,0.22200428464353986,-7.588405279780675,False
1989-11-02,2009-11-02,20.0,241,241000,599066.449745065,358066.44974506495,148.57529035064937,4.658112441573614,672.9993282195586,1672.9100341796875,2009-11-02,20.0,241,241000,134556.00967994565,-106443.99032005435,-44.16763083819683,-2.872032039392769,10.765789342425547,6.010795248845095,0.22460948987746931,-7.530144480966383,False
1989-12-02,2009-12-02,20.0,241,241000,634129.3116494993,393129.31164949934,163.12419570518645,4.956185705288818,680.5987345593865,1790.8199462890625,2009-12-02,20.0,241,241000,162928.48582042856,-78071.51417957144,-32.3948191616479,-1.9383946022518472,10.823532114902566,7.317268459376995,0.2569325890276518,-6.894580307540665,False
1990-01-02,2010-01-02,20.0,240,240000,650530.4396499298,410530.43964992976,171.0543498541374,5.112125717823068,686.323631992934,1860.31005859375,2010-01-02,20.0,240,240000,179927.34937887764,-60072.65062112236,-25.030271092134313,-1.430104298207191,10.892638218067784,8.16618134299999,0.2765855960186921,-6.54223001603026,False
1990-02-02,2010-02-02,20.0,241,241000,615508.741123554,374508.74112355395,155.39781789359083,4.799897797617225,695.7459772368337,1776.9200439453125,2010-02-02,20.0,241,241000,155151.48349229063,-85848.51650770937,-35.621791082037085,-2.1779084072220956,10.924117804503489,7.032751382627639,0.2520703170016335,-6.977806204839321,False
1990-03-02,2010-03-02,20.0,241,241000,633238.8018950068,392238.8018950068,162.75468958299038,4.948811270189402,704.5392658359386,1851.2099609375,2010-03-02,20.0,241,241000,172676.33164776643,-68323.66835223357,-28.350069855698575,-1.6530742923585473,11.020224230155144,7.895982962651541,0.272687540831392,-6.601885562547949,False
1990-04-02,2010-04-02,20.0,240,240000,661038.5434362825,421038.54343628255,175.4327264317844,5.19637560313051,711.4477948861565,1959.56005859375,2010-04-02,20.0,240,240000,201470.32232988448,-38529.67767011552,-16.05403236254813,-0.8711673364061867,11.124214562142592,9.338329556256928,0.30477847975789657,-6.067542939536697,False
1990-05-02,2010-05-02,20.0,240,240000,666497.4147709395,426497.4147709395,177.70725615455814,5.239641836138476,720.4096978183965,2000.6300048828125,2010-05-02,20.0,240,240000,211223.8192547628,-28776.180745237187,-11.990075310515493,-0.6365682512594062,11.221621387458516,9.876140532041326,0.3169161868802684,-5.876210087397881,False
1990-06-02,2010-06-02,20.0,241,241000,619084.0375008605,378084.0375008605,156.88134336135292,4.83025161211732,731.6957865547707,1879.5899658203125,2010-06-02,20.0,241,241000,168899.01457333766,-72100.98542666234,-29.91742133886404,-1.7617757323100336,11.315049884728671,7.9298787360117435,0.272820819698655,-6.592027344427354,False
1990-07-02,2010-07-02,20.0,241,241000,563068.4267559595,322068.4267559595,133.63835135102056,4.334324030590309,739.7501120112073,1728.3399658203125,2010-07-02,20.0,241,241000,128717.87583673358,-112282.12416326642,-46.59009301380349,-3.0872112210738045,11.336391521560437,6.054756167256496,0.22860076985371697,-7.421535251664113,False
1990-08-02,2010-08-02,20.0,241,241000,611698.868648897,370698.86864889704,153.81695794560045,4.76736755953131,748.173016336197,1898.989990234375,2010-08-02,20.0,241,241000,168072.8655942207,-72927.1344057793,-30.26022174513664,-1.7858577486391636,11.381732373169344,7.937594918610297,0.2747640615478908,-6.553225308170473,False
1990-09-02,2010-09-02,20.0,241,241000,585478.3188274854,344478.31882748543,142.93706175414334,4.53812076792468,757.6365428826118,1840.5799560546875,2010-09-02,20.0,241,241000,150341.77358717073,-90658.22641282927,-37.61752133312418,-2.3318118108356267,11.454323513688532,7.145490922361689,0.25678452771445803,-6.869932578760308,False
1990-10-02,2010-10-02,20.0,240,240000,624855.0439188932,384855.0439188932,160.35626829953884,4.9007037842317525,766.8722510989661,1996.5999755859375,2010-10-02,20.0,240,240000,187174.68862340035,-52825.31137659965,-22.01054640691652,-1.2352897692838427,11.631199004539864,9.071108549964805,0.299548976110523,-6.135993553515595,False
1990-11-02,2010-11-02,20.0,241,241000,663854.6747199729,422854.6747199729,175.45837125310078,5.196865309453225,781.1416153063831,2151.719970703125,2010-11-02,20.0,241,241000,229569.60368809095,-11430.396311909048,-4.742903033987156,-0.2426584369006446,11.84035497791043,11.278778422428266,0.3458130407606574,-5.439523746353869,False
1990-12-02,2010-12-02,20.0,241,241000,662859.143063961,421859.14306396095,175.04528757840703,5.188971904058359,794.5237193730005,2185.300048828125,2010-12-02,20.0,241,241000,232801.55691291933,-8198.443087080668,-3.4018436045977873,-0.17290299966669087,12.125183664713854,11.71270387967005,0.35120818555331557,-5.361874903725051,False
1991-01-02,2011-01-02,20.0,240,240000,661334.053011376,421334.05301137595,175.55585542140665,5.198726444656088,804.8677114954095,2217.860107421875,2011-01-02,20.0,240,240000,237759.79113432835,-2240.2088656716514,-0.9334203606965216,-0.04687920969159709,12.341890642845257,12.226688922690041,0.3595154219742538,-5.245605654347685,False
1991-02-02,2011-02-02,20.0,241,241000,682526.3085390211,441526.30853902106,183.20593715312077,5.3428630684070555,819.5767755517367,2321.090087890625,2011-02-02,20.0,241,241000,267176.44110847625,26176.441108476254,10.861593820944504,0.5168929800184019,12.554236029556025,13.917826154409072,0.391452223549272,-4.825970088388654,False
1991-03-02,2011-03-02,20.0,241,241000,675373.5329858346,434373.53298583464,180.23798049204757,5.287387518559128,830.2836094685879,2326.77001953125,2011-03-02,20.0,241,241000,265180.1845348793,24180.184534879285,10.033271591236218,0.47920755979296015,12.667786398595235,13.938779812563975,0.3926422514108814,-4.808179958766168,False
1991-04-02,2011-04-02,20.0,240,240000,670814.575597228,430814.575597228,179.50607316551168,5.273621295261366,838.2357833375671,2342.919921875,2011-04-02,20.0,240,240000,265434.8429418591,25434.842941859097,10.597851225774624,0.5049228334346845,12.74987922514232,14.101092456888852,0.39569033321248537,-4.7686984618266814,False
1991-05-02,2011-05-02,20.0,241,241000,681621.9205484177,440621.9205484177,182.83067242672934,5.3358793936002735,850.0633858434226,2404.239990234375,2011-05-02,20.0,241,241000,285477.66204172315,44477.662041723146,18.455461428100893,0.8504300392678132,12.819740834954755,15.18568315993233,0.41882112859873144,-4.48544935433246,False
1991-06-02,2011-06-02,20.0,241,241000,651908.588634158,410908.588634158,170.5014890598166,5.101395628115757,860.1431213036194,2326.699951171875,2011-06-02,20.0,241,241000,255636.91043833626,14636.910438336257,6.073406820886413,0.29524090813406456,12.891245223388514,13.674182990082986,0.39213612904522743,-4.806154719981692,False
1991-07-02,2011-07-02,20.0,240,240000,653222.7549660091,413222.75496600906,172.17614790250377,5.133834167815632,867.5961912077611,2361.389892578125,2011-07-02,20.0,240,240000,262550.66344855365,22550.66344855365,9.396109770230687,0.4500353494831577,12.943488840098958,14.159673259612214,0.40193128829722974,-4.683798818332474,False
1991-08-02,2011-08-02,20.0,241,241000,627276.4945708202,386276.49457082024,160.28070314141917,4.899181268307196,880.9143628332939,2292.85009765625,2011-08-02,20.0,241,241000,237171.07301706987,-3828.926982930134,-1.5887663829585619,-0.08004407598006802,13.036947710735634,12.82982106814358,0.3780965412697972,-4.979225344287263,False
1991-09-02,2011-09-02,20.0,241,241000,586204.0272574925,345204.02725749253,143.2381855840218,4.544595778401184,891.2375632633415,2167.830078125,2011-09-02,20.0,241,241000,187805.30558158376,-53194.69441841624,-22.07248731054616,-1.239213302656561,13.084638805060417,10.196533565182659,0.32037532471452895,-5.783809081057745,False
1991-10-02,2011-10-02,20.0,240,240000,570933.1447956066,330933.1447956066,137.88881033150275,4.428418445581084,899.2352051614515,2139.179931640625,2011-10-02,20.0,240,240000,176217.94030531688,-63782.05969468312,-26.57585820611797,-1.5327194212620299,13.138924260032573,9.647142378877081,0.30864899316434447,-5.961137866843114,False
1991-11-02,2011-11-02,20.0,241,241000,612723.615118177,371723.615118177,154.24216394945105,4.776136143024168,911.8550724813325,2318.320068359375,2011-11-02,20.0,241,241000,219756.8129125707,-21243.18708742931,-8.81460045121548,-0.4603142633953339,13.162438386045489,12.002222032678162,0.3586556931875162,-5.236450406419502,False
1991-12-02,2011-12-02,20.0,241,241000,601397.9996896995,360397.9996896995,149.54273846045623,4.67844120859684,922.5033167724464,2302.0400390625,2011-12-02,20.0,241,241000,209853.0354131842,-31146.964586815797,-12.924051695774189,-0.6895589517845746,13.20845669855725,11.501388926621761,0.34894202428584914,-5.368000160381414,False
1992-01-02,2012-01-02,20.0,240,240000,587323.6854647965,347323.6854647965,144.71820227699854,4.576310024374286,930.7971605425188,2277.830078125,2012-01-02,20.0,240,240000,199946.76974965297,-40053.23025034703,-16.688845937644594,-0.9087840845395156,13.257411777515236,11.044902750646568,0.3404370957582257,-5.485094108913802,False
1992-02-02,2012-02-02,20.0,241,241000,638121.6705580977,397121.67055809766,164.78077616518573,4.989126524108967,942.6024480598829,2495.830078125,2012-02-02,20.0,241,241000,262738.01047381846,21738.01047381846,9.019921358430896,0.4327358305796114,13.271775897523247,14.468879646347029,0.41173654272551075,-4.556390693529355,False
1992-03-02,2012-03-02,20.0,241,241000,668648.374120634,427648.37412063405,177.44745814134194,5.234717008623346,952.1010197106516,2641.580078125,2012-03-02,20.0,241,241000,309843.99979998014,68843.99979998014,28.565975020738648,1.2642854128787295,13.297798943059428,17.096444867441832,0.4633885488878489,-3.970431595744617,False
1992-04-02,2012-04-02,20.0,241,241000,697771.9098877925,456771.90988779254,189.53191281651144,5.459284861918023,961.6970698631084,2784.419921875,2012-04-02,20.0,241,241000,360381.62024148414,119381.62024148414,49.53594200891458,2.0322067222782403,13.327768662211495,19.929804417806874,0.5164748181098842,-3.427078139639783,False
1992-05-02,2012-05-02,20.0,241,241000,677720.7360448051,436720.73604480515,181.21192367004363,5.305653249756803,972.4943323313904,2734.77001953125,2012-05-02,20.0,241,241000,337376.8251881924,96376.82518819242,39.99038389551553,1.6962433043018477,13.376502049082864,18.7258165703026,0.4978109820825785,-3.6094099454549555,False
1992-06-02,2012-06-02,20.0,240,240000,601424.8477493125,361424.8477493125,150.59368656221355,4.700439872329154,981.2019256576759,2458.830078125,2012-06-02,20.0,240,240000,240846.38918301903,846.389183019026,0.3526621595912608,0.017603637496854674,13.41822444857606,13.465545448695211,0.4004596585663671,-4.682836234832299,False
1992-07-02,2012-07-02,20.0,241,241000,635861.5792352961,394861.5792352961,163.84297893580754,4.970502714383618,994.9213126249381,2625.030029296875,2012-07-02,20.0,241,241000,289623.5800740076,48623.58007400762,20.175759366808144,0.9231608180717554,13.46575113256185,16.18256867800077,0.45548211990149895,-4.047341896311862,False
1992-08-02,2012-08-02,20.0,241,241000,628253.9879300573,387253.98793005734,160.68630204566693,4.907348514494325,1007.1568774147988,2625.52001953125,2012-08-02,20.0,241,241000,286243.8562652521,45243.85626525211,18.77338434242826,0.8639464521905671,13.529190256394799,16.06907714164615,0.45561804901287667,-4.043402062303758,False
1992-09-02,2012-09-02,20.0,240,240000,654498.1587384078,414498.1587384078,172.70756614100324,5.144088241811962,1016.5614505909932,2772.239990234375,2012-09-02,20.0,240,240000,333272.85844980384,93272.85844980384,38.8636910207516,1.65516163412045,13.573033409706209,18.848015176197816,0.5092036608509506,-3.4889266076915115,False
1992-10-02,2012-10-02,20.0,241,241000,653763.0921142226,412763.0921142226,171.2709925785156,5.116324716385079,1031.9164656915113,2799.2900390625,2012-10-02,20.0,241,241000,340612.6141955614,99612.61419556139,41.33303493591759,1.744791055206396,13.656788600064822,19.301553803254023,0.5210031252973379,-3.371533661178683,False
1992-11-02,2012-11-02,20.0,241,241000,612637.1036652597,371637.10366525967,154.2062670810206,4.775396417680655,1044.930976642785,2656.280029296875,2012-11-02,20.0,241,241000,287645.7404989274,46645.74049892742,19.3550790451981,0.8885883223661128,13.721714874303538,16.377563634581694,0.46952060000612517,-3.8868080953145423,False
1992-12-02,2012-12-02,20.0,240,240000,609512.153165663,369512.153165663,153.9633971523596,4.770388998170749,1054.435368576349,2677.8798828125,2012-12-02,20.0,240,240000,290704.4780515052,50704.478051505226,21.126865854793845,0.9629482385103083,13.753869775831014,16.659631393213868,0.4769461552844425,-3.807440759660441,False
1993-01-02,2013-01-02,20.0,241,241000,619339.8584291374,378339.8584291374,156.98749312412338,4.83241711051714,1068.7173672598133,2746.469970703125,2013-01-02,20.0,241,241000,311260.69540231186,70260.69540231186,29.153815519631475,1.287385750100034,13.794302546853991,17.81586806358363,0.5025684866977203,-3.5450313604171058,False
1993-02-02,2013-02-02,20.0,240,240000,615528.0488098876,375528.0488098876,156.47002033745315,4.821852417929584,1077.6931967723908,2763.9599609375,2013-02-02,20.0,240,240000,314774.74080679746,74774.74080679746,31.156142002832276,1.365328385020681,13.809692772823947,18.112260263279843,0.5113897594356728,-3.456524032908903,False
1993-03-02,2013-03-02,20.0,240,240000,605649.9689689578,365649.9689689578,152.35415373706573,4.73709470781376,1088.8467494230156,2747.75,2013-03-02,20.0,240,240000,307319.6194278225,67319.61942782247,28.049841428259363,1.2439200609619672,13.825336029955517,17.70332086328205,0.507421175883151,-3.4931746468517932,False
1993-04-02,2013-04-02,20.0,241,241000,615815.477668892,374815.477668892,155.52509446841992,4.802508512096448,1103.852489735053,2820.6201171875,2013-04-02,20.0,241,241000,331704.0350898677,90704.03508986771,37.63652908293266,1.6100548037335072,13.871585852333782,19.092369295911357,0.5386419262235828,-3.192453708362941,False
1993-05-02,2013-05-02,20.0,241,241000,628045.7595360655,387045.7595360655,160.59990022243383,4.905609717052917,1117.0917141922675,2911.139892578125,2013-05-02,20.0,241,241000,360276.9761660412,119276.97616604122,49.492521230722495,2.0307251624179123,13.919716853462068,20.80893567241824,0.5736476533687229,-2.8748845546350044,False
1993-06-02,2013-06-02,20.0,240,240000,634637.7230179061,394637.7230179061,164.4323845907942,4.982215107098398,1127.607730187761,2981.760009765625,2013-06-02,20.0,240,240000,383730.2567976484,143730.25679764838,59.88760699902016,2.37425165401981,13.94702122600193,22.29955848589989,0.6046445757634574,-2.607963453078588,False
1993-07-02,2013-07-02,20.0,241,241000,617661.0244509182,376661.0244509182,156.29088151490382,4.818190411737233,1143.087832659445,2929.6298828125,2013-07-02,20.0,241,241000,361588.4439500405,120588.4439500405,50.03669873445664,2.0492635642341606,13.99899560803824,21.003630866282148,0.5854156724094444,-2.7689268475030726,False
1993-08-02,2013-08-02,20.0,241,241000,655125.0583008927,414125.0583008927,171.83612377630402,5.1272631896492005,1156.4026060488106,3143.52001953125,2013-08-02,20.0,241,241000,443622.69880785863,202622.69880785863,84.07580863396623,3.097903944281555,14.041682988959774,25.847341507745785,0.6771572743048808,-2.0293592453676457,False
1993-09-02,2013-09-02,20.0,240,240000,631944.6324677061,391944.6324677061,163.31026352821087,4.95989543868236,1167.3719122856844,3073.81005859375,2013-09-02,20.0,240,240000,410660.09795824613,170660.09795824613,71.10837414926921,2.722022872822305,14.064469950305115,24.065485864679616,0.6498355660600248,-2.237872565860055,False
1993-10-02,2013-10-02,20.0,241,241000,662204.549789433,421204.549789433,174.77367211179794,5.183775603020946,1183.9780662981284,3253.260009765625,2013-10-02,20.0,241,241000,485126.81676465605,244126.81676465605,101.29743434218092,3.5599690522782224,14.13043564479882,28.444204414353038,0.7325936025642169,-1.6238065507427235,False
1993-11-02,2013-11-02,20.0,240,240000,679159.0581990047,439159.05819900474,182.98294091625198,5.338714170120218,1194.3334813125205,3379.760009765625,2013-11-02,20.0,240,240000,538082.0830561792,298082.0830561792,124.20086794007467,4.119449795728203,14.13734945783754,31.69606018819321,0.7922769733544691,-1.219264374392015,False
1993-12-02,2013-12-02,20.0,241,241000,692755.8226319208,451755.8226319208,187.45054880992564,5.421248952590285,1211.043053059409,3481.14990234375,2013-12-02,20.0,241,241000,585190.7992957389,344190.7992957389,142.81775904387507,4.535553314613261,14.206804024343645,34.4966431636663,0.8447288065692174,-0.8856956379770242,False
1994-01-02,2014-01-02,20.0,241,241000,701162.4350800478,460162.4350800478,190.93876974275844,5.484847633854506,1224.8522503584531,3563.570068359375,2014-01-02,20.0,241,241000,624138.0248713003,383138.0248713003,158.97843355655615,4.872876450295438,14.24570320127112,36.89329899976812,0.8901475516155481,-0.611971183559068,False
1994-02-02,2014-02-02,20.0,240,240000,684063.11239925,444063.11239925004,185.02629683302087,5.376615690037467,1235.6473634214437,3521.919921875,2014-02-02,20.0,240,240000,596022.2036317994,356022.20363179944,148.3425848465831,4.6532114405114955,14.248998640438035,35.3863315384183,0.8712970964643011,-0.7234042495259718,False
1994-03-02,2014-03-02,20.0,240,240000,709992.5397360778,469992.5397360778,195.8302248900324,5.5728211792833715,1249.3990764568373,3696.10009765625,2014-03-02,20.0,240,240000,683767.3554673111,443767.3554673111,184.9030647780463,5.374337225795345,14.27912103073649,40.68165343993481,0.9630627326330566,-0.19848395348802672,False
1994-04-02,2014-04-02,20.0,241,241000,697226.6623278123,456226.6623278123,189.30566901568974,5.455162972613681,1267.1683906876913,3665.989990234375,2014-04-02,20.0,241,241000,662620.4187989711,421620.4187989711,174.946231866793,5.187077424892705,14.353655737963425,39.464835586662154,0.9503658632139766,-0.26808554772097537,False
1994-05-02,2014-05-02,20.0,241,241000,673769.0913995681,432769.09139956813,179.5722370952565,5.274867159678509,1283.2604302392645,3587.639892578125,2014-05-02,20.0,241,241000,612015.1572586813,371015.15725868125,153.94819803264784,4.770075476030766,14.405939120764486,36.58362280686168,0.9083455520160323,-0.5047916836477429,False
1994-06-02,2014-06-02,20.0,241,241000,692232.38410512,451232.38410511997,187.23335440046472,5.417264766814589,1299.6262111443214,3732.9599609375,2014-06-02,20.0,241,241000,684197.9505470606,443197.9505470606,183.8995645423488,5.355748360475054,14.459627456807178,41.05081938432148,0.9883934445389378,-0.06151640633953459,False
1994-07-02,2014-07-02,20.0,241,241000,713829.1322823366,472829.1322823366,196.19466069806498,5.579320180661784,1316.4552022448809,3899.27001953125,2014-07-02,20.0,241,241000,775029.7707702933,534029.7707702933,221.58911650219642,6.014450621588119,14.516276065416577,46.682763947792964,1.0857356974102177,0.43513044092633457,True
1994-08-02,2014-08-02,20.0,240,240000,699370.8308114922,459370.83081149217,191.40451283812175,5.493284378305319,1331.3691967530362,3879.669921875,2014-08-02,20.0,240,240000,754685.2490647129,514685.2490647129,214.45218711029702,5.895555035797662,14.54900653388765,45.749669248629736,1.0790916861503053,0.4022706574923429,True
1994-09-02,2014-09-02,20.0,241,241000,729394.0982896329,488394.09828963294,202.65315281727507,5.693251882969763,1353.3016327328894,4095.81005859375,2014-09-02,20.0,241,241000,882926.4701277078,641926.4701277078,266.35953117332275,6.707605550769125,14.65734521220414,53.698581201886554,1.210493027292235,1.0143536677993614,True
1994-10-02,2014-10-02,20.0,241,241000,700632.3019768873,459632.3019768873,190.7187975007831,5.480858465298066,1371.0396959029674,3985.8701171875,2014-10-02,20.0,241,241000,806258.2381676985,565258.2381676985,234.54698679157616,6.224050098836864,14.712017732928595,49.21861202175497,1.1507580165698608,0.7431916335387978,True
1994-11-02,2014-11-02,20.0,240,240000,720337.7983742678,480337.79837426776,200.14074932261158,5.649208587129495,1385.41999722536,4158.2099609375,2014-11-02,20.0,240,240000,899751.3190119122,659751.3190119122,274.8963829216301,6.830574160435465,14.723867163890452,55.199245423610904,1.2490685912117387,1.1813655733059703,True
1994-12-02,2014-12-02,20.0,241,241000,737435.3709366912,496435.3709366912,205.98978047165608,5.7512102072240445,1407.2234550775665,4305.9599609375,2014-12-02,20.0,241,241000,994625.8899936592,753625.8899936592,312.70783817164283,7.345077988001791,14.819855278267536,61.162704339104046,1.3487634702554128,1.5938677807777468,True
1995-01-02,2015-01-02,20.0,241,241000,714945.73068296,473945.73068296,196.65797953649792,5.587571608777964,1425.965430285873,4230.240234375,2015-01-02,20.0,241,241000,933158.77779984,692158.77779984,287.2028123650788,7.003239277425366,14.874306523099294,57.59373317724284,1.3052162391520674,1.4156676686474023,True
1995-02-02,2015-02-02,20.0,241,241000,698382.3736865923,457382.3736865923,189.7852172973412,5.46389613504259,1445.4118408159497,4188.58984375,2015-02-02,20.0,241,241000,894028.565067684,653028.565067684,270.96620957165317,6.7742962395435535,14.931202795002848,55.389717052078794,1.2801419376441627,1.310400104500964,True
1995-03-02,2015-03-02,20.0,241,241000,737575.3193790815,496575.3193790815,206.04785036476412,5.752213575369147,1464.8198964130486,4483.0498046875,2015-03-02,20.0,241,241000,1088572.4860191797,847572.4860191797,351.689828223726,7.830598455061422,14.985022396976339,67.6858219241893,1.4758797609111713,2.0783848796922744,True
1995-04-02,2015-04-02,20.0,241,241000,701094.8296215782,460094.8296215782,190.91071768530216,5.484339072802258,1483.6200604660844,4316.009765625,2015-04-02,20.0,241,241000,962212.7202407537,721212.7202407537,299.2583901413916,7.167402021205427,15.028462725662413,60.002398341478845,1.3724430413502209,1.683062948403169,True
1995-05-02,2015-05-02,20.0,240,240000,717593.8235714237,477593.82357142365,198.9974264880932,5.629049668925257,1498.0262911300065,4479.06005859375,2015-05-02,20.0,240,240000,1066152.8703655398,826152.8703655398,344.23036265230826,7.740853581140206,15.019127217700955,66.7195233064045,1.4857330642275566,2.111803912214949,True
1995-06-02,2015-06-02,20.0,241,241000,714690.1669131393,473690.1669131393,196.55193647848103,5.585684127007773,1520.4386085827948,4508.89013671875,2015-06-02,20.0,241,241000,1081085.0963770102,840085.0963770102,348.5830275423279,7.793392878353056,15.10176274441975,67.74394453117746,1.5126626144114854,2.207708751345283,True
1995-07-02,2015-07-02,20.0,241,241000,694723.8298206388,453723.82982063876,188.26714930316962,5.4362030190565624,1537.9449748039685,4433.39013671875,2015-07-02,20.0,241,241000,1020640.0041773119,779640.0041773119,323.50207642212115,7.483741851883896,15.1280608658105,64.06765188910978,1.4691305528425835,2.0475388328273336,True
1995-08-02,2015-08-02,20.0,240,240000,710580.0013155703,470580.0013155703,196.0750005481543,5.577187113470128,1549.9147674589465,4588.91015625,2015-08-02,20.0,240,240000,1122736.9545609164,882736.9545609164,367.8070644003818,8.019792525326807,15.096944972587659,70.62457509040335,1.580028923530464,2.442605411856679,True
1995-09-02,2015-09-02,20.0,241,241000,653277.9013804481,412277.90138044814,171.0696686225926,5.112422732996014,1570.1609118040624,4256.22998046875,2015-09-02,20.0,241,241000,868430.3350564981,627430.3350564981,260.3445373678415,6.6193172498044905,15.159377342656972,54.62598815324266,1.3293428925445192,1.5068945168084769,True
1995-10-02,2015-10-02,20.0,241,241000,648832.2150558385,407832.21505583846,169.2249855003479,5.076541058630446,1585.0869812033047,4267.4501953125,2015-10-02,20.0,241,241000,864708.3722628631,623708.3722628631,258.8001544659183,6.596422882915154,15.166543175680639,54.41758034148232,1.332714917967577,1.5198818242847079,True
1995-11-02,2015-11-02,20.0,241,241000,707997.162787863,466997.16278786305,193.77475634351165,5.53602286887489,1601.1994973368962,4703.919921875,2015-11-02,20.0,241,241000,1148991.5239163085,907991.5239163085,376.75996843000354,8.122228695153687,15.181270670341636,72.37822125519416,1.6228758875133804,2.586205826278797,True
1995-12-02,2015-12-02,20.0,241,241000,698709.4285102144,457709.42851021443,189.92092469303503,5.466365040826515,1616.37874872449,4686.22021484375,2015-12-02,20.0,241,241000,1129649.032118692,888649.0321186921,368.73403822352367,8.030484689084293,15.191111346562412,71.2059096657739,1.6167651186950853,2.564119648257778,True
1996-01-02,2016-01-02,20.0,240,240000,677169.619963043,437169.619963043,182.1540083179346,5.323264401137728,1627.9300963732887,4593.27001953125,2016-01-02,20.0,240,240000,1051092.0352247553,811092.0352247553,337.95501467698136,7.664239034475062,15.153843426471697,66.36701720253089,1.552184274424655,2.340974633337334,True
1996-02-02,2016-02-02,20.0,241,241000,612950.0276916401,371950.0276916401,154.33611107536933,4.778071638181491,1648.645204146287,4193.10009765625,2016-02-02,20.0,241,241000,781553.2661240897,540553.2661240897,224.2959610473401,6.058889867614448,15.210230213975038,49.32616224992324,1.2750684897876694,1.2808182294329562,True
1996-03-02,2016-03-02,20.0,241,241000,627396.9677065895,386396.9677065895,160.33069199443548,4.900188509983905,1664.9554854682278,4334.39013671875,2016-03-02,20.0,241,241000,850348.5543871525,609348.5543871525,252.8417238120965,6.507207166468554,15.219127379713198,53.6994313957388,1.355359681599273,1.607018656484649,True
1996-04-02,2016-04-02,20.0,240,240000,648477.6826369779,408477.6826369779,170.19903443207411,5.095516677318046,1677.3117223201361,4532.080078125,2016-04-02,20.0,240,240000,966685.685050891,726685.685050891,302.7857021045379,7.2145438724403155,15.18297811079078,61.154864983926956,1.490700005465027,2.1190271951222694,True
1996-05-02,2016-05-02,20.0,241,241000,621759.5238146697,380759.5238146697,157.99150365753928,4.852857409219213,1698.2341443706166,4381.2998046875,2016-05-02,20.0,241,241000,869194.383210433,628194.383210433,260.66156979686014,6.6240054939300075,15.238427581453001,54.959152127626105,1.3979590982019556,1.771148084710794,True
1996-06-02,2016-06-02,20.0,241,241000,637153.6104381806,396153.6104381806,164.37909146812476,4.981157111546475,1713.9593273027715,4531.35009765625,2016-06-02,20.0,241,241000,956251.1619872005,715251.1619872005,296.78471451751057,7.134105198864571,15.243885120026265,60.48540605487349,1.5008173010737105,2.152948087318096,True
1996-07-02,2016-07-02,20.0,240,240000,617512.2502054702,377512.25020547025,157.29677091894592,4.838721662276657,1724.6427848526685,4437.4501953125,2016-07-02,20.0,240,240000,886071.6770668376,646071.6770668376,269.1965321111823,6.748770253499048,15.199196414515633,56.11490607115888,1.4349054237741958,1.9100485912223908,True
1996-08-02,2016-08-02,20.0,241,241000,651853.3818718296,410853.3818718296,170.47858168955585,5.100950585568209,1744.7629056092928,4719.2099609375,2016-08-02,20.0,241,241000,1063242.9378775465,822242.9378775465,341.1796422728409,7.703737228566632,15.250211487344608,67.28082848571863,1.6311074966342756,2.6027866429984226,True
1996-09-02,2016-09-02,20.0,241,241000,656653.2480013866,415653.24800138664,172.47022738646749,5.139510978093975,1761.1980143315043,4798.740234375,2016-09-02,20.0,241,241000,1115383.4303312101,874383.4303312101,362.8147013822449,7.9618597984593364,15.25790793537531,70.61584104828509,1.6985881570311745,2.8223488203653613,True
1996-10-02,2016-10-02,20.0,240,240000,659899.4624539012,419899.4624539012,174.95810935579217,5.1873046207176365,1773.2520080007564,4875.7001953125,2016-10-02,20.0,240,240000,1160683.7106720111,920683.7106720111,383.6182127800046,8.199469736865538,15.215938855756919,73.58705155190991,1.758879612291082,3.0121651161479015,True
1996-11-02,2016-11-02,20.0,241,241000,635409.6286344569,394409.6286344569,163.65544756616467,4.966770966178413,1792.8361427327518,4726.91015625,2016-11-02,20.0,241,241000,1055060.2956839162,814060.2956839162,337.7843550555669,7.662140949118679,15.267204178147438,66.83743134631932,1.6604411518776008,2.6953699829402655,True
1996-12-02,2016-12-02,20.0,241,241000,631817.44339874,390817.44339874,162.1649142733361,4.937020366173472,1807.7819949034747,4739.3701171875,2016-12-02,20.0,241,241000,1056195.786414905,815195.786414905,338.25551303523025,7.667931467069611,15.2679309010294,66.91254890017086,1.6716787379805527,2.7309111008961384,True
1997-01-02,2017-01-02,20.0,240,240000,642623.2410421668,402623.24104216683,167.7596837675695,5.047872043801704,1816.4124071080828,4863.6201171875,2017-01-02,20.0,240,240000,1137218.4009857988,897218.4009857988,373.8410004107495,8.089033076916952,15.215533031994152,72.09743393662913,1.7696502839541377,3.041161033115247,True
1997-02-02,2017-02-02,20.0,241,241000,675894.9169235065,434894.91692350653,180.454322374899,5.291450087657945,1835.4861325443512,5147.7001953125,2017-02-02,20.0,241,241000,1346099.9716363363,1105099.9716363363,458.54770607316857,8.981558336601637,15.2669352067517,85.27311638498858,1.9915817354618148,3.690108248943692,True
1997-03-02,2017-03-02,20.0,241,241000,699355.7000879884,458355.7000879884,190.18908717343916,5.471240457071946,1848.194850421617,5363.259765625,2017-03-02,20.0,241,241000,1519862.019446772,1278862.019446772,530.6481408492831,9.645132317096316,15.26570870538547,96.27290813798061,2.173231760684231,4.173891860024369,True
1997-04-02,2017-04-02,20.0,240,240000,702520.6917910851,462520.69179108506,192.7169549129521,5.516989997981336,1857.1626580651507,5436.22998046875,2017-04-02,20.0,240,240000,1578330.8468188047,1338330.8468188047,557.6378528411686,9.875114368170479,15.213410289541338,100.04914477205706,2.24666812701962,4.358124370189143,True
1997-05-02,2017-05-02,20.0,241,241000,724218.9073641418,483218.9073641418,200.50577069051525,5.655629234535908,1878.190162954129,5644.06982421875,2017-05-02,20.0,241,241000,1762670.5238438288,1521670.5238438288,631.3985576115473,10.460678104609489,15.27310460534038,111.70726678596233,2.433891888102208,4.8050488700735805,True
1997-06-02,2017-06-02,20.0,241,241000,749212.8593372739,508212.85933727387,210.87670511920078,5.835023121470839,1891.8947171298496,5881.4599609375,2017-06-02,20.0,241,241000,1985858.5225833738,1744858.5225833738,724.0076857192422,11.121107994417745,15.275040199166375,125.86750523783478,2.650593216379109,5.286084872946906,True
1997-07-02,2017-07-02,20.0,240,240000,713445.6075807764,473445.60758077644,197.26900315865686,5.59843487040772,1899.5993063094963,5646.919921875,2017-07-02,20.0,240,240000,1744236.6469094506,1504236.6469094506,626.7652695456045,10.42558489001566,15.219965856447118,110.61342588135686,2.4448067636494177,4.82715001960794,True
1997-08-02,2017-08-02,20.0,241,241000,743214.8006031805,502214.80060318054,208.38788406770976,5.7924963999676615,1917.7893445289242,5914.22998046875,2017-08-02,20.0,241,241000,1998547.3955062614,1757547.3955062614,729.2727782183657,11.156501750886981,15.274749112687426,126.66933633266818,2.6890575831970436,5.36400535091932,True
1997-09-02,2017-09-02,20.0,240,240000,747145.6356797451,507145.6356797451,211.31068153322713,5.842405385093041,1923.448264882181,5987.89990234375,2017-09-02,20.0,240,240000,2060940.0341099147,1820940.0341099147,758.7250142124644,11.350636964398575,15.216671580390976,130.66936519137644,2.758418085698772,5.508231579305534,True
1997-10-02,2017-10-02,20.0,241,241000,742983.2218305004,501983.2218305004,208.29179329066406,5.7908479584120265,1940.34354856638,5981.919921875,2017-10-02,20.0,241,241000,2050228.1860245976,1809228.1860245976,750.7170896367625,11.29848631268009,15.270724232934185,129.91066076087353,2.7594542188629987,5.507638354268064,True
1997-11-02,2017-11-02,20.0,241,241000,769985.6148592643,528985.6148592643,219.49610575073208,5.979844620987151,1951.9455869625917,6236.39013671875,2017-11-02,20.0,241,241000,2314061.8122380236,2073061.8122380236,860.1916233352796,11.974181264693806,15.26975319268419,146.61889106012498,3.0053312264294454,5.994336643706655,True
1997-12-02,2017-12-02,20.0,240,240000,776483.0678308726,536483.0678308726,223.53461159619692,6.0464262430970805,1958.946551628234,6337.8701171875,2017-12-02,20.0,240,240000,2419310.2848904617,2179310.2848904617,908.0459520376924,12.24681234875824,15.21339490933699,153.3580115510799,3.1157283205786745,6.20038610566116,True
1998-01-02,2018-01-02,20.0,241,241000,793586.1421999983,552586.1421999983,229.2888556846466,6.139943385728941,1977.3945371494083,6511.33984375,2018-01-02,20.0,241,241000,2615608.478023302,2374608.478023302,985.3147211714946,12.662085096506125,15.271535384544512,165.7442216773754,3.295935171917506,6.522141710777184,True
1998-02-02,2018-02-02,20.0,241,241000,818222.4747406284,577222.4747406284,239.51140030731472,6.302313926103942,1991.1820436495816,6760.2900390625,2018-02-02,20.0,241,241000,2911145.098012962,2670145.098012962,1107.9440240717684,13.266724218106084,15.274563990412297,184.50818292520358,3.557889434576797,6.9644102920021425,True
1998-03-02,2018-03-02,20.0,241,241000,819178.6447216943,578178.6447216943,239.9081513368026,6.308521693989966,2003.7883799714143,6811.0400390625,2018-03-02,20.0,241,241000,2914708.127317059,2673708.127317059,1109.4224594676593,13.273651702091115,15.275786205998761,184.74878923561167,3.5580860732853874,6.965130008101149,True
1998-04-02,2018-04-02,20.0,241,241000,764213.200320148,523213.200320148,217.10091299591204,5.939977075599812,2015.3962293487275,6390.83984375,2018-04-02,20.0,241,241000,2359857.3114008675,2118857.3114008675,879.1939051455882,12.083951901848057,15.274643677267587,149.56837992051015,3.087956751351932,6.143974826248245,True
1998-05-02,2018-05-02,20.0,241,241000,790142.1262253243,549142.1262253243,227.85980341299768,6.116864395451627,2026.6223279890298,6644.47998046875,2018-05-02,20.0,241,241000,2621647.6455577537,2380647.6455577537,987.8205998164952,12.675077104571187,15.273580007229027,166.1491496480911,3.317944403346671,6.558212709119561,True
1998-06-02,2018-06-02,20.0,240,240000,836759.3777521141,596759.3777521141,248.64974073004754,6.4435786879735835,2031.8185698196733,7083.93017578125,2018-06-02,20.0,240,240000,3161281.343249017,2921281.343249017,1217.2005596870904,13.758169548547961,15.214716829626406,200.40833523464494,3.7780052752340127,7.314590860574378,True
1998-07-02,2018-07-02,20.0,241,241000,834414.7560352436,593414.7560352436,246.23018922624217,6.406521648744268,2050.029155482083,7097.81982421875,2018-07-02,20.0,241,241000,3165284.8905918333,2924284.8905918333,1213.3962201625866,13.741719147884357,15.273997587938819,200.6081069877131,3.7934191212435118,7.335197499140089,True
1998-08-02,2018-08-02,20.0,241,241000,862132.3633887836,621132.3633887836,257.7312711156778,6.580522571490244,2060.8066718215005,7372.14990234375,2018-08-02,20.0,241,241000,3522061.0173373823,3281061.0173373823,1361.4361067789969,14.350743222691742,15.273567411121117,223.2134289393541,4.085290341605107,7.770220651201498,True
1998-09-02,2018-09-02,20.0,240,240000,889563.8457072539,649563.8457072539,270.65160237802246,6.769766783715925,2065.160316474426,7654.5498046875,2018-09-02,20.0,240,240000,3930388.6437587095,3690388.6437587095,1537.6619348994623,15.003541023370136,15.213844553884634,249.15134109374355,4.418332267802349,8.233774239654212,True
1998-10-02,2018-10-02,20.0,241,241000,882266.3733219958,641266.3733219958,266.08563208381565,6.703615276498409,2083.7419217287793,7628.27978515625,2018-10-02,20.0,241,241000,3876124.9928011466,3635124.9928011466,1508.350619419563,14.899737508678324,15.274937247439823,245.67454783514793,4.393372693335666,8.196122232179915,True
1998-11-02,2018-11-02,20.0,241,241000,801129.9482411356,560129.9482411356,232.4190656602222,6.190165148817872,2095.334100415883,6965.2900390625,2018-11-02,20.0,241,241000,2854143.4224173054,2613143.4224173054,1084.2918765217037,13.154788578654951,15.274712834212947,180.897183257602,3.5626472692520346,6.964623429837079,True
1998-12-02,2018-12-02,20.0,240,240000,794359.5903617529,554359.5903617529,230.98316265073038,6.1671832369694535,2099.5055186411205,6949.009765625,2018-12-02,20.0,240,240000,2783045.4984119544,2543045.4984119544,1059.602291004981,13.035654481039671,15.21524841264496,176.43636917512995,3.503508401207254,6.868471244070218,True
1999-01-02,2019-01-02,20.0,241,241000,725099.8310655208,484099.83106552076,200.87129919731152,5.662051382104516,2114.149848841527,6360.8701171875,2019-01-02,20.0,241,241000,2068629.9923214077,1827629.9923214077,758.3526939092977,11.348222533537712,15.268732331077134,131.0595752896005,2.8528899107335253,5.686171151433196,True
1999-02-02,2019-02-02,20.0,240,240000,780059.0361706731,540059.0361706731,225.02459840444712,6.070791976149925,2115.3845134440066,6875.52001953125,2019-02-02,20.0,240,240000,2565907.19887638,2325907.19887638,969.127999531825,12.577470212555708,15.207219027530263,162.58463657345735,3.2893756496591267,6.506678236405783,True
1999-03-02,2019-03-02,20.0,240,240000,808965.2514806229,568965.2514806229,237.06885478359288,6.263944123839704,2121.6940464019576,7151.56982421875,2019-03-02,20.0,240,240000,2879153.7723986343,2639153.7723986343,1099.6474051660978,13.227698798157972,15.202854042857204,182.38064403632563,3.5590574096093897,6.963754674318268,True
1999-04-02,2019-04-02,20.0,241,241000,846415.8760400664,605415.8760400664,251.20990707056694,6.482524258633715,2135.372603601379,7499.64013671875,2019-04-02,20.0,241,241000,3300734.7175372946,3059734.7175372946,1269.5994678577986,13.98026934922405,15.258162449965688,208.9757117196085,3.8996606880528897,7.497745090590335,True
1999-05-02,2019-05-02,20.0,241,241000,869264.2318320615,628264.2318320615,260.6905526274114,6.6244338938192815,2141.4644776051573,7724.06005859375,2019-05-02,20.0,241,241000,3599079.5101572764,3358079.5101572764,1393.393987617127,14.474490676298846,15.255121140093719,227.81906190986894,4.140374558575654,7.850056782479564,True
1999-06-02,2019-06-02,20.0,240,240000,798845.2253243699,558845.2253243699,232.85217721848744,6.197078673494905,2141.479145638467,7127.9599609375,2019-06-02,20.0,240,240000,2795956.4471237957,2555956.4471237957,1064.9818529682482,13.061816311380836,15.19320811728693,176.99811745009157,3.499997694783119,6.8647376378859315,True
1999-07-02,2019-07-02,20.0,241,241000,872499.937761097,631499.937761097,262.0331691954759,6.644243565186914,2154.4489532690636,7799.81982421875,2019-07-02,20.0,241,241000,3633086.9654662427,3392086.9654662427,1407.5049649237521,14.528332499197894,15.248064153843147,229.86532417394437,4.163996819058839,7.884088934010981,True
1999-08-02,2019-08-02,20.0,241,241000,858252.024655508,617252.024655508,256.1211720562274,6.556485931937117,2160.163564628754,7692.7998046875,2019-08-02,20.0,241,241000,3470504.703537597,3229504.703537597,1340.043445451285,14.266461759468129,15.244791015932734,219.53161379768568,4.04368950359379,7.709975827531012,True
1999-09-02,2019-09-02,20.0,240,240000,854655.3585547998,614655.3585547998,256.10639939783323,6.5562649181773125,2159.747764433687,7691.0,2019-09-02,20.0,240,240000,3403473.159182632,3163473.159182632,1318.1138163260966,14.178821053710733,15.182806983925122,215.30948354516568,3.982275574727358,7.62255613553342,True
1999-10-02,2019-10-02,20.0,241,241000,837911.044875941,596911.044875941,247.68093148379293,6.428770146515461,2171.758458779462,7550.7900390625,2019-10-02,20.0,241,241000,3201656.932510356,2960656.932510356,1228.4883537387368,13.806714959231803,15.237788714763225,202.432248442945,3.8209986037173973,7.377944812716342,True
1999-11-02,2019-11-02,20.0,240,240000,902337.9880640778,662337.9880640778,275.9741616933658,6.8459094361001505,2170.6730816600707,8161.169921875,2019-11-02,20.0,240,240000,4017181.3463252,3777181.3463252,1573.8255609688333,15.129206070660729,15.175593344446714,254.01296042803415,4.451969660441613,8.283296634560578,True
1999-12-02,2019-12-02,20.0,241,241000,917560.4839319577,676560.4839319577,280.73049125807376,6.913090310609782,2182.4518803755764,8309.259765625,2019-12-02,20.0,241,241000,4231793.835879011,3990793.835879011,1655.931052231955,15.405198665601949,15.232378859437192,267.4700703864733,4.612005322793328,8.492108354992167,True
2000-01-02,2020-01-02,20.0,241,241000,977871.8393050988,736871.8393050988,305.7559499191281,7.25393747664671,2186.590172819607,8872.2197265625,2020-01-02,20.0,241,241000,5135284.454928417,4894284.454928417,2030.823425281501,16.527216660053192,15.229955385125416,324.52345700617377,5.251490275635388,9.273279183406482,True
2000-02-02,2020-02-02,20.0,240,240000,988647.5760257095,748647.5760257095,311.9364900107123,7.335037710336256,2182.7417535628315,8991.509765625,2020-02-02,20.0,240,240000,5316007.990700281,5076007.990700281,2115.0033294584505,16.753180245676003,15.167064165604241,335.9509762492335,5.377050548255266,9.418142535339747,True
2000-03-02,2020-03-02,20.0,241,241000,975753.7395900093,734753.7395900093,304.8770703692985,7.242309746578868,2192.7595110911498,8877.98046875,2020-03-02,20.0,241,241000,4978452.837807243,4737452.837807243,1965.7480654801836,16.346645898418277,15.224809396511803,314.5062055814878,5.102161166094102,9.104336151839409,True
2000-04-02,2020-04-02,20.0,241,241000,838410.5208678539,597410.5208678539,247.88818293271945,6.431941340525027,2194.8604554144094,7635.66015625,2020-04-02,20.0,241,241000,2517676.831077204,2276676.831077204,944.6791830195867,12.447329799829898,15.219008096274964,158.98980944385005,3.002916552706318,6.015388459304871,True
2000-05-02,2020-05-02,20.0,240,240000,955134.9264497457,715134.9264497457,297.97288602072734,7.150123076684567,2190.6466479844403,8718.1796875,2020-05-02,20.0,240,240000,3601503.593863998,3361503.593863998,1400.6264974433325,14.50214711693285,15.156156126976079,227.43729483528418,3.7706752147058995,7.352024040248283,True
2000-06-02,2020-06-02,20.0,241,241000,1057453.68512483,816453.6851248301,338.77746270739834,7.67433931283954,2200.958433626875,9657.3095703125,2020-06-02,20.0,241,241000,4854602.257939672,4613602.257939672,1914.357783377457,16.20018795986946,15.212610303150953,306.43639969640225,4.590841496161222,8.525848647029921,True
2000-07-02,2020-07-02,20.0,241,241000,1130659.990774943,889659.990774943,369.1535231431299,8.035316630302969,2204.372159277675,10341.8896484375,2020-07-02,20.0,241,241000,5847873.7649423815,5606873.7649423815,2326.5036369055524,17.28677568813297,15.210520879015682,369.0838423215939,5.172088702753431,9.25145905783,True
2000-08-02,2020-08-02,20.0,240,240000,1189453.6548194936,949453.6548194936,395.60568950812234,8.332013247010206,2200.515473023795,10905.8798828125,2020-08-02,20.0,240,240000,6764346.7289479375,6524346.7289479375,2718.477803728307,18.168230140032506,15.147915499307883,426.94063607551266,5.686935931921169,9.8362168930223,True
2000-09-02,2020-09-02,20.0,241,241000,1353215.5686328637,1112215.5686328637,461.5002359472464,9.010290541227949,2212.027572545744,12420.5400390625,2020-09-02,20.0,241,241000,9895868.58640972,9654868.58640972,4006.169537929344,20.412575011682698,15.208034231073995,624.4676689142275,7.312854519112124,11.402284470454749,True
2000-10-02,2020-10-02,20.0,241,241000,1224482.340040293,983482.340040293,408.0839585229432,8.466786620250687,2215.320960419426,11255.6904296875,2020-10-02,20.0,241,241000,7101093.82335374,6860093.82335374,2846.5119598978176,18.431003831109336,15.206370867374872,448.0575362736181,5.79926193392064,9.96421721085865,True
2000-11-02,2020-11-02,20.0,241,241000,1203681.5923886176,962681.5923886176,399.45294289984133,8.373906593893254,2219.3802085270527,11084.759765625,2020-11-02,20.0,241,241000,6657568.934644395,6416568.934644395,2662.4767363669685,18.049711885805266,15.204851428231457,420.0304835040548,5.531005023872583,9.675805291912011,True
2000-12-02,2020-12-02,20.0,241,241000,1349862.5703037314,1108862.5703037314,460.1089503334985,8.996769332370835,2223.926282347968,12456.41015625,2020-12-02,20.0,241,241000,9305169.200654496,9064169.200654496,3761.0660583628614,20.042591256911237,15.204182342305685,587.0435238703643,6.893419674982726,11.045821924540402,True
2001-01-02,2021-01-02,20.0,240,240000,1391617.4749263932,1151617.4749263932,479.84061455266385,9.185616745699953,2222.72809975213,12888.2802734375,2021-01-02,20.0,240,240000,10267531.80018513,10027531.80018513,4178.138250077138,20.659838793296114,15.143382829294485,647.8548531756609,7.378127959142085,11.474222047596161,True
2001-02-02,2021-02-02,20.0,241,241000,1448669.1555115152,1207669.1555115152,501.1075334072677,9.382440393848125,2238.554562927194,13456.1201171875,2021-02-02,20.0,241,241000,11512038.131592311,11271038.131592311,4676.7793077146525,21.326804366955663,15.208309244254869,726.4673690328211,7.946630248731629,11.944363973107539,True
2001-03-02,2021-03-02,20.0,241,241000,1401735.2276142095,1160735.2276142095,481.63287452871765,9.20246639979181,2245.3940908850186,13059.9501953125,2021-03-02,20.0,241,241000,10400724.701375373,10159724.701375373,4215.653403060321,20.712523212634125,15.210310968846546,656.4243029430831,7.419892499297233,11.510056812842315,True
2001-04-02,2021-04-02,20.0,240,240000,1423583.2067482336,1183583.2067482336,493.15966947843066,9.3096693789815,2247.2059745684896,13329.51953125,2021-04-02,20.0,240,240000,10808714.566948643,10568714.566948643,4403.631069561935,20.97012804119862,15.155657811419156,682.5549139915634,7.592611738963992,11.66045866221712,True
2001-05-02,2021-05-02,20.0,240,240000,1472199.112395292,1232199.112395292,513.4162968313716,9.493355566414463,2259.60083506476,13860.759765625,2021-05-02,20.0,240,240000,12064331.860866738,11824331.860866738,4926.804942027808,21.636692279129544,15.172678406897436,762.7009479959064,8.194769144533632,12.143336712715081,True
2001-06-02,2021-06-02,20.0,241,241000,1447575.0196648529,1206575.0196648529,500.6535351306444,9.378308249356593,2276.818371856908,13675.7900390625,2021-06-02,20.0,241,241000,11458431.41766483,11217431.41766483,4654.535857952212,21.298493303376986,15.24319821277245,724.7433249249967,7.915604553826662,11.920185054020394,True
2001-07-02,2021-07-02,20.0,241,241000,1551902.5052593874,1310902.5052593874,543.9429482404098,9.759563083153221,2287.1016637508214,14727.6298828125,2021-07-02,20.0,241,241000,14229329.19628682,13988329.19628682,5804.285973562996,22.61916918761273,15.254948080884486,900.6957598139801,9.168958196834993,12.859606104459509,True
2001-08-02,2021-08-02,20.0,241,241000,1569593.638817993,1328593.638817993,551.2836675593331,9.821787803536996,2297.5580169641344,14963.6201171875,2021-08-02,20.0,241,241000,14861929.61674923,14620929.61674923,6066.775774584743,22.88614145750629,15.267398471328896,941.5062303392317,9.468647966706364,13.064353653969295,True
2001-09-02,2021-09-02,20.0,241,241000,1628882.5231121948,1387882.5231121948,575.8848643619066,10.0255722545864,2308.7142237948697,15604.25,2021-09-02,20.0,241,241000,16773828.962718904,16532828.962718904,6860.095005277553,23.63196113856194,15.28273483060174,1063.6928636145246,10.297752431323465,13.60638888397554,True
2001-10-02,2021-10-02,20.0,240,240000,1533693.86291338,1293693.86291338,539.0391095472415,9.717618384222536,2314.704983810384,14791.8701171875,2021-10-02,20.0,240,240000,14163245.056836473,13923245.056836473,5801.352107015196,22.61612196717906,15.250927734118752,900.010945176782,9.23472760719809,12.898503582956522,True
2001-11-02,2021-11-02,20.0,241,241000,1644433.1674504543,1403433.1674504543,582.3374138798566,10.077855262526247,2340.849249867951,15972.490234375,2021-11-02,20.0,241,241000,17646964.741800267,17405964.741800267,7222.392009045754,23.94603797007275,15.375090424727803,1125.8243926438274,10.731335934533782,13.868182707546504,True
2001-12-02,2021-12-02,20.0,241,241000,1636098.6437925282,1395098.6437925282,578.879105308103,10.049892359506284,2355.465007037997,15990.759765625,2021-12-02,20.0,241,241000,17516253.33124144,17275253.33124144,7168.154909228813,23.899972148730942,15.410946683565605,1120.0914779402085,10.70611078231702,13.850079789224658,True
2002-01-02,2022-01-02,20.0,240,240000,1659381.866743408,1419381.866743408,591.4091111430866,10.15057153692538,2360.4085938560293,16320.080078125,2022-01-02,20.0,240,240000,18329794.45758965,18089794.45758965,7537.414357329019,24.20735617248917,15.375419234279486,1174.2844760983892,11.046158105585715,14.05678463556379,True
2002-02-02,2022-02-02,20.0,241,241000,1531884.2583818084,1290884.2583818084,535.6366217351903,9.688335334670818,2381.8231544063397,15139.740234375,2022-02-02,20.0,241,241000,14285341.26345909,14044341.26345909,5827.52749521124,22.643257968840658,15.464966637174754,916.6901495437787,9.32533981291072,12.95492263416984,True
2002-03-02,2022-03-02,20.0,241,241000,1432589.7403904465,1191589.7403904465,494.43557692549643,9.321413832116242,2396.1705830862024,14243.6904296875,2022-03-02,20.0,241,241000,11552227.297109934,11311227.297109934,4693.455310004122,21.347947259271738,15.50018906558943,742.9946358251748,8.06387688771345,12.026533427155496,True
2002-04-02,2022-04-02,20.0,240,240000,1484755.4886441554,1244755.4886441554,518.6481202683981,9.53986084527283,2402.2072441584437,14861.2099609375,2022-04-02,20.0,240,240000,12737784.791285768,12497784.791285768,5207.410329702403,21.967503147739965,15.472708557689687,821.2001322755702,8.579045431189225,12.427642302467135,True
2002-05-02,2022-05-02,20.0,241,241000,1298975.0903252135,1057975.0903252135,438.9938134129516,8.787548216840001,2425.9739692702,13075.849609375,2022-05-02,20.0,241,241000,8378299.703799055,8137299.703799055,3376.472906140687,19.414466429175057,15.57959923843308,541.6205464094268,6.44993100037157,10.626918212335056,True
2002-06-02,2022-06-02,20.0,241,241000,1271277.9353447438,1030277.9353447438,427.50121798537083,8.670376904091516,2444.1440529138376,12892.8896484375,2022-06-02,20.0,241,241000,7623008.62905786,7382008.62905786,3063.0741199410204,18.85171926154201,15.649515975242835,495.00578970894173,5.996335197142127,10.181342357450493,True
2002-07-02,2022-07-02,20.0,240,240000,1132388.098764149,892388.098764149,371.82837448506206,8.066031383437045,2455.4860016937787,11585.6796875,2022-07-02,20.0,240,240000,5311208.801030206,5071208.801030206,2113.003667095919,16.74790785823943,15.676271502997771,346.9164632252532,4.690272537151073,8.681876474802385,True
2002-08-02,2022-08-02,20.0,241,241000,1249713.6367306842,1008713.6367306842,418.55337623679844,8.577458878578126,2487.9983817680245,12901.599609375,2022-08-02,20.0,241,241000,7125259.578080284,6884259.578080284,2856.5392440167157,18.451122974455703,15.90674037752582,470.2890217054035,5.701513825775586,9.873664095877578,True
2002-09-02,2022-09-02,20.0,241,241000,1159360.0874063186,918360.0874063186,381.06227693208245,8.170805850711439,2514.942661237931,12098.4404296875,2022-09-02,20.0,241,241000,5677888.584006163,5436888.584006163,2255.9703668075363,17.11391282540573,16.145593739932764,380.3854040579487,4.897433201024321,8.943106974694292,True
2002-10-02,2022-10-02,20.0,240,240000,1039146.5228321238,799146.5228321238,332.97771784671824,7.6027268658179326,2533.899384274205,10971.2197265625,2022-10-02,20.0,240,240000,4070741.076226155,3830741.076226155,1596.1421150942313,15.205473141791458,16.336515374008062,277.0905173973946,3.917388921373306,7.602746275973526,True
2002-11-02,2022-11-02,20.0,241,241000,1022134.7982666815,781134.7982666815,324.122322932233,7.491607230338615,2571.5080895406286,10906.33984375,2022-11-02,20.0,241,241000,3795217.581988705,3554217.581988705,1474.779079663363,14.778615501633197,16.72940397122629,263.45115389124345,3.7130304030589403,7.2870082712945825,True
2002-12-02,2022-12-02,20.0,241,241000,1113637.9729693937,872637.9729693937,362.09044521551607,7.953406067000923,2595.6519745892933,11994.259765625,2022-12-02,20.0,241,241000,4846699.856719413,4605699.856719413,1911.078778721748,16.190723010721975,16.919630439938906,340.26709721575645,4.352132357516706,8.237316943721051,True
2003-01-02,2023-01-02,20.0,240,240000,1005966.8303737402,765966.8303737402,319.1528459890584,7.428279636047286,2609.9691008445575,10939.759765625,2023-01-02,20.0,240,240000,3587617.278210563,3347617.278210563,1394.8405325877345,14.480032293552547,17.01665945050381,254.37192275855222,3.5663375470120418,7.051752657505261,True
2003-02-02,2023-02-02,20.0,241,241000,1167036.6627784104,926036.6627784104,384.24757791635284,8.206505753466642,2643.9243544650353,12803.1396484375,2023-02-02,20.0,241,241000,5574567.803695558,5333567.803695558,2213.0986737325966,17.006424410258923,17.309346805057384,400.38227137955795,4.776686098638892,8.799918656792281,True
2003-03-02,2023-03-02,20.0,241,241000,1086715.9392958567,845715.9392958567,350.91947688624765,7.821395811043241,2671.179830235195,12044.8701171875,2023-03-02,20.0,241,241000,4521327.133781695,4280327.133781695,1776.069350116886,15.787704585502315,17.579977143117688,329.81256293958506,4.160541840134702,7.9663087744590735,True
2003-04-02,2023-04-02,20.0,240,240000,1175951.6185106465,935951.6185106465,389.9798410461027,8.270192920279529,2690.1820248835,13181.349609375,2023-04-02,20.0,240,240000,5761838.684718762,5521838.684718762,2300.7661186328173,17.2242580604429,17.790380083749053,427.1054174266479,4.899724269282594,8.95406514016337,True
2003-05-02,2023-05-02,20.0,241,241000,1159579.0538139208,918579.0538139208,381.1531343626227,8.171827261072796,2725.46497564055,13113.66015625,2023-05-02,20.0,241,241000,5560388.756591943,5319388.756591943,2207.2152516979017,16.991525969787013,18.103385075350843,417.68406153209634,4.7951786799731435,8.819698708714217,True
2003-06-02,2023-06-02,20.0,241,241000,1274489.4679714232,1033489.4679714232,428.83380413751996,8.684086744983176,2750.701550208529,14546.6396484375,2023-06-02,20.0,241,241000,7434134.079330085,7193134.079330085,2984.702937481363,18.702719095685637,18.309701622728724,564.7999038003858,5.833029041160169,10.018632350702461,True
2003-07-02,2023-07-02,20.0,240,240000,1317103.4365102453,1077103.4365102453,448.79309854593555,8.885595855586814,2765.9258108667627,15179.2099609375,2023-07-02,20.0,240,240000,8297726.312309068,8057726.312309068,3357.3859634621117,19.38159946151039,18.42395571528348,636.9872588146865,6.299980762554576,10.496003605923576,True
2003-08-02,2023-08-02,20.0,241,241000,1323394.67293344,1082394.67293344,449.12642030433193,8.88890160702882,2799.125969181444,15370.740234375,2023-08-02,20.0,241,241000,8476768.597225672,8235768.597225672,3417.3313681434324,19.48425065922159,18.666549446850592,656.5643990440801,6.405321685658629,10.59534905219277,True
2003-09-02,2023-09-02,20.0,240,240000,1321514.0681465177,1081514.0681465177,450.63086172771574,8.903798374197013,2813.2931566815546,15490.8603515625,2023-09-02,20.0,240,240000,8529345.404870298,8289345.404870298,3453.8939186959574,19.546047835163094,18.75543945049365,666.5484220557963,6.454222176259602,10.642249460966081,True
2003-10-02,2023-10-02,20.0,241,241000,1256837.8809899928,1015837.8809899928,421.509494186719,8.608323768256398,2845.119883318485,14837.5703125,2023-10-02,20.0,241,241000,7396789.981709022,7155789.981709022,2969.2074612900506,18.672833585977887,18.967171412777358,582.1418401966362,5.885237940061672,10.06450981772149,True
2003-11-02,2023-11-02,20.0,241,241000,1253623.9317878461,1012623.9317878461,420.17590530616025,8.594420370819723,2868.173948946423,14919.5498046875,2023-11-02,20.0,241,241000,7373524.391296159,7132524.391296159,2959.5536893345056,18.65414218704091,19.115732461339764,584.8560977642345,5.881767413916918,10.059721816221188,True
2003-12-02,2023-12-02,20.0,240,240000,1333120.723074002,1093120.723074002,455.46696794750085,8.951424256179298,2880.023655994786,15997.580078125,2023-12-02,20.0,240,240000,8986053.493649527,8746053.493649527,3644.188955687303,19.858237701969593,19.159358317564134,717.362578106793,6.740614963158674,10.906813445790295,True
2004-01-02,2024-01-02,20.0,241,241000,1369140.8416549282,1128140.8416549282,468.10823305183743,9.074078894399818,2912.1104906809965,16543.939453125,2024-01-02,20.0,241,241000,9822634.631906448,9581634.631906448,3975.782004940435,20.367862225260435,19.364610330779374,789.259303188742,7.17430547176833,11.293783330860617,True
2004-02-02,2024-02-02,20.0,241,241000,1449019.8360433355,1208019.8360433355,501.25304400138407,9.383764156500929,2934.3270100283085,17642.73046875,2024-02-02,20.0,241,241000,11747835.961420966,11506835.961420966,4774.6207308800695,21.449866444069432,19.48702158239364,949.9183938864338,8.10743626084469,12.066102287568503,True
2004-03-02,2024-03-02,20.0,240,240000,1490939.5654326763,1250939.5654326763,521.2248189302818,9.562627770903465,2946.2619004447856,18302.91015625,2024-03-02,20.0,240,240000,12950100.088225545,12710100.088225545,5295.875036760644,22.068355598195776,19.52619991128174,1053.6093466408304,8.685865201026694,12.505727827292311,True
2004-04-02,2024-04-02,20.0,241,241000,1465878.2578649693,1224878.2578649693,508.24823977799554,9.447045667754516,2979.3393735901755,18121.779296875,2024-04-02,20.0,241,241000,12416995.991313607,12175995.991313607,5052.2804943209985,21.786731455222053,19.73110029408716,1016.601631767166,8.470687060601325,12.339685787467538,True
2004-05-02,2024-05-02,20.0,241,241000,1408171.9094579904,1167171.9094579904,484.3036968705355,9.227484424998366,3002.1270028669164,17541.5390625,2024-05-02,20.0,241,241000,11075112.444606189,10834112.444606189,4495.482342160244,21.092307505877315,19.855124239778334,912.4387284529919,7.8648866450325885,11.86482308087895,True
2004-06-02,2024-06-02,20.0,240,240000,1474958.4600270605,1234958.4600270605,514.5660250112752,9.503607629852606,3016.2178897352674,18536.650390625,2024-06-02,20.0,240,240000,12917173.988004353,12677173.988004353,5282.155828335147,22.05281866423727,19.922800793945292,1072.2761840989274,8.757652732652122,12.549211034384665,True
2004-07-02,2024-07-02,20.0,241,241000,1580751.6830236458,1339751.6830236458,555.9135614206,9.86069206315856,3050.9951008876183,20011.890625,2024-07-02,20.0,241,241000,16064745.024033997,15823745.024033997,6565.869304578422,23.365249017219504,20.141906899695105,1342.6331893835393,10.16272523797382,13.504556954060945,True
2004-08-02,2024-08-02,20.0,241,241000,1445204.1528711012,1204204.1528711012,499.66977297556065,9.369344176569715,3075.1674405517433,18440.849609375,2024-08-02,20.0,241,241000,12248326.50671352,12007326.50671352,4982.293156312664,21.703476905152087,20.27748352287262,1030.561157355383,8.47515313485676,12.334132728582372,True
2004-09-02,2024-09-02,20.0,240,240000,1520140.0801036567,1280140.0801036567,533.3917000431903,9.668933072558538,3090.4479208782222,19574.640625,2024-09-02,20.0,240,240000,14334247.495315807,14094247.495315807,5872.603123048252,22.689722126326917,20.35722773582805,1215.8564195161114,9.429556974998231,13.020789053768379,True
2004-10-02,2024-10-02,20.0,241,241000,1525725.3186345082,1284725.3186345082,533.0810450765595,9.666243020070798,3127.9707389367886,19802.58984375,2024-10-02,20.0,241,241000,14546128.207095312,14305128.207095312,5935.737845267764,22.754244690820148,20.611479782713143,1244.054885714931,9.533910219248238,13.08800167074935,True
2004-11-02,2024-11-02,20.0,240,240000,1529757.8689429716,1289757.8689429716,537.3991120595715,9.703522507460626,3142.9508209179457,20033.140625,2024-11-02,20.0,240,240000,14841008.589792604,14601008.589792604,6083.753579080251,22.903035321295206,20.680957122726902,1278.859426264677,9.701540937355928,13.19951281383458,True
2004-12-02,2024-12-02,20.0,241,241000,1604059.2423578282,1363059.2423578282,565.5847478663188,9.941122820224923,3179.850451384722,21164.599609375,2024-12-02,20.0,241,241000,17251355.620314114,17010355.620314114,7058.238846603366,23.805605712408195,20.912653957287283,1496.9777194262745,10.754812019882829,13.864482892183272,True
2005-01-02,2025-01-02,20.0,241,241000,1577733.5698534206,1336733.5698534206,554.6612323043239,9.850194744517694,3204.0417403049055,20975.619140625,2025-01-02,20.0,241,241000,16523998.22887341,16282998.22887341,6756.430800362411,23.539234191797377,21.031596632766085,1442.0168693369574,10.473250075048204,13.689039447279683,True
2005-02-02,2025-02-02,20.0,240,240000,1602130.8225799394,1362130.8225799394,567.554509408308,9.957368231305086,3217.422769009115,21478.05078125,2025-02-02,20.0,240,240000,17450778.009330694,17210778.009330694,7171.15750388779,23.902530902754336,21.068137422056562,1531.8974550932573,10.8922303743145,13.94516267144925,True
2005-03-02,2025-03-02,20.0,240,240000,1545135.6765783385,1305135.6765783385,543.8065319076411,9.758400363380314,3243.895350730307,20884.41015625,2025-03-02,20.0,240,240000,15794263.476132452,15554263.476132452,6480.943115055189,23.28618300542491,21.21381389713251,1396.0690251039628,10.221926602011045,13.527782642044595,True
2005-04-02,2025-04-02,20.0,241,241000,1437880.9062465818,1196880.9062465818,496.631081430117,9.34156703254747,3282.0581941419696,19581.779296875,2025-04-02,20.0,241,241000,12668314.911128582,12427314.911128582,5156.562203787794,21.908809559952005,21.449577581692797,1127.5103880314034,8.81040624163911,12.567242527404535,True
2005-05-02,2025-05-02,20.0,241,241000,1463512.201756572,1222512.201756572,507.2664737579136,9.438206031893426,3310.3440159638862,20102.609375,2025-05-02,20.0,241,241000,12589963.284587054,12348963.284587054,5124.051155430313,21.870998974683808,21.61712911906497,1129.2898835153762,8.602568034264438,12.432792942790382,True
2005-06-02,2025-06-02,20.0,241,241000,1550548.9623699046,1309548.9623699046,543.3813121866824,9.754774578114777,3340.43740359123,21491.75,2025-06-02,20.0,241,241000,15105724.86673818,14864724.86673818,6167.935629351942,22.98615565332167,21.809728579850404,1367.0197483213967,9.742178566002938,13.231381075206894,True
2005-07-02,2025-07-02,20.0,241,241000,1620096.138178705,1379096.138178705,572.2390614849398,9.995821407306217,3368.1307621406713,22641.890625,2025-07-02,20.0,241,241000,17457931.636213336,17216931.636213336,7143.955035773169,23.87931273770778,21.95640560426954,1590.5121494452655,10.775861521304137,13.883491330401565,True
2005-08-02,2025-08-02,20.0,240,240000,1613672.5345755955,1373672.5345755955,572.3635560731648,9.996839845597783,3385.5657911949584,22763.310546875,2025-08-02,20.0,240,240000,17546489.452237062,17306489.452237062,7211.037271765443,23.93642080957912,22.03491389448206,1610.9807676270057,10.873637046101106,13.939580963981335,True
2005-09-02,2025-09-02,20.0,241,241000,1634557.8391508746,1393557.8391508746,578.2397672825206,10.044708036287275,3425.2060253086115,23231.109375,2025-09-02,20.0,241,241000,18433061.985625546,18192061.985625546,7548.573438018899,24.216423893644603,22.261961887932614,1702.7225037423043,11.277093746160254,14.171715857357327,True
2005-10-02,2025-10-02,20.0,241,241000,1736648.9604213499,1495648.9604213499,620.6012283906016,10.378566595513083,3454.443148982795,24892.759765625,2025-10-02,20.0,241,241000,22460894.500497416,22219894.500497416,9219.87323672092,25.4499522280347,22.41588090137906,2089.131684902863,12.9334684282124,15.071385632521617,True
2005-11-02,2025-11-02,20.0,240,240000,1787893.2259363583,1547893.2259363583,644.9555108068159,10.562160545630949,3471.0973318889382,25858.130859375,2025-11-02,20.0,240,240000,24747460.62550863,24507460.62550863,10211.441927295262,26.08573951900248,22.47045494513052,2317.0279124661797,13.841688231995985,15.523578973371531,True
2005-12-02,2025-12-02,20.0,241,241000,1752977.880924002,1511977.880924002,627.3767140763493,10.430228215374049,3513.4283075657436,25555.859375,2025-12-02,20.0,241,241000,23454044.02895913,23213044.02895913,9631.968476746526,25.721639147733953,22.716027215042725,2210.71660773712,13.379543623560386,15.291410932359904,True
2006-01-02,2026-01-02,20.0,241,241000,1715243.0799871061,1474243.0799871061,611.7191203266001,10.31013895651014,3541.5895403102513,25206.169921875,2026-01-02,20.0,241,241000,22267509.430572707,22026509.430572707,9139.630469117306,25.395724817659236,22.842658173002512,2110.577204509055,12.982130457416039,15.085585861149095,True
2006-02-02,2026-02-02,20.0,241,241000,1737153.5690733355,1496153.5690733355,620.8106095739981,10.380169979244801,3570.786699464873,25738.609375,2026-02-02,20.0,241,241000,23446103.274637286,23205103.274637286,9628.673557940781,25.719510548433135,22.97821990129307,2235.4760036225853,13.496851223777721,15.339340569188334,True
