start_date,end_date,years,num_investments,total_invested,final_value,total_return,total_return_pct,cagr,avg_purchase_price,final_price
1985-10-02,1995-10-02,9.998631074606434,121,121000,303513.62568636064,182513.62568636064,150.83770717881043,9.633871439415277,228.78139079309256,573.8699951171875
1985-11-02,1995-11-02,9.998631074606434,121,121000,320556.3931072216,199556.39310722158,164.92263893158807,10.234541538495723,232.0262265695382,614.6900024414062
1985-12-02,1995-12-02,9.998631074606434,120,120000,301067.9240612577,181067.92406125768,150.88993671771473,9.636154339407167,233.97511562678866,587.02001953125
1986-01-02,1996-01-02,9.998631074606434,121,121000,297813.2501847151,176813.25018471509,146.1266530452191,9.426175329927089,238.06442544593318,585.9400024414062
1986-02-02,1996-02-02,9.998631074606434,121,121000,302099.12171098567,181099.12171098567,149.66869562891378,9.582662862203705,240.88722112124762,601.4199829101562
1986-03-02,1996-03-02,10.001368925393566,120,120000,299271.7843256214,179271.78432562138,149.39315360468447,9.56781988085067,242.49262701262282,604.760009765625
1986-04-02,1996-04-02,10.001368925393566,121,121000,302356.9495237032,181356.9495237032,149.88177646587042,9.589265087118015,246.44053930947734,615.8099975585938
1986-05-02,1996-05-02,10.001368925393566,121,121000,319038.3268591632,198038.32685916318,163.66803872658113,10.17929412655414,249.07454981669844,656.72998046875
1986-06-02,1996-06-02,10.001368925393566,120,120000,331895.16752797924,211895.16752797924,176.57930627331604,10.70721381319868,250.34049870824998,692.3900146484375
1986-07-02,1996-07-02,10.001368925393566,121,121000,323826.55379862397,202826.55379862397,167.62525107324296,10.343525855686675,254.15015219322828,680.1699829101562
1986-08-02,1996-08-02,10.001368925393566,121,121000,314883.11619600205,193883.11619600205,160.23398032727442,10.034966405599555,256.63060066774614,667.8400268554688
1986-09-02,1996-09-02,10.001368925393566,120,120000,308214.0090667801,188214.0090667801,156.84500755565008,9.890843138792182,258.3542556031362,663.5700073242188
1986-10-02,1996-10-02,10.001368925393566,121,121000,344332.14351212035,223332.14351212035,184.57201943150443,11.02301136772832,262.69272336976957,747.5499877929688
1986-11-02,1996-11-02,10.001368925393566,120,120000,342532.64644656936,222532.64644656936,185.4438720388078,11.056974396712205,264.67900830006573,755.510009765625
1986-12-02,1996-12-02,10.001368925393566,121,121000,379222.03125729103,258222.03125729103,213.40663740271987,12.099591130252008,269.4997182837208,844.6300048828125
1987-01-02,1997-01-02,10.001368925393566,121,121000,361709.3377867466,240709.33778674662,198.93333701384017,11.570897244310752,272.83674137293576,815.5999755859375
1987-02-02,1997-02-02,10.001368925393566,120,120000,402246.2455324448,282246.2455324448,235.20520461037066,12.855800388641203,274.9211453515891,921.5499877929688
1987-03-02,1997-03-02,10.001368925393566,120,120000,367148.94195414946,247148.94195414946,205.95745162845787,11.830291274380134,277.9667621906525,850.4600219726562
1987-04-02,1997-04-02,10.001368925393566,121,121000,336009.40246393404,215009.40246393404,177.6937210445736,10.75173405136509,282.29661800106976,783.9199829101562
1987-05-02,1997-05-02,10.001368925393566,121,121000,385985.6416034158,264985.6416034158,218.9963980193519,12.297912281172607,285.10979932105715,909.489990234375
1987-06-02,1997-06-02,10.001368925393566,121,121000,402724.21589424164,281724.21589424164,232.82993049110877,12.77558525583724,288.04200422324,958.6900024414062
1987-07-02,1997-07-02,10.001368925393566,121,121000,405676.7565287762,284676.7565287762,235.27004671799685,12.857982982882898,291.0877372521912,975.9299926757812
1987-08-02,1997-08-02,10.001368925393566,120,120000,455141.9052982987,335141.9052982987,279.28492108191557,14.258530230245459,292.37649053987786,1108.93994140625
1987-09-02,1997-09-02,10.001368925393566,121,121000,448934.2174807503,327934.2174807503,271.02001444690103,14.007110915847164,297.2211624874003,1102.75
1987-10-02,1997-10-02,10.001368925393566,121,121000,448632.6598712158,327632.6598712158,270.77079328199653,13.999451575112708,300.14229437266425,1112.8399658203125
1987-11-02,1997-11-02,10.001368925393566,120,120000,406245.5226266001,286245.5226266001,238.53793552216675,12.967491519090647,301.183379506497,1019.6199951171876
1987-12-02,1997-12-02,10.001368925393566,121,121000,414263.143992402,293263.143992402,242.3662347044645,13.094576039637662,307.29372223204916,1052.0699462890625
1988-01-02,1998-01-02,10.001368925393566,121,121000,390692.31820914656,269692.31820914656,222.88621339598888,12.43408311646792,312.25550631740754,1008.22998046875
1988-02-02,1998-02-02,10.001368925393566,121,121000,420832.90161174873,299832.90161174873,247.79578645599068,13.272639936021214,316.5621991724997,1100.989990234375
1988-03-02,1998-03-02,9.998631074606434,121,121000,443704.4238768292,322704.4238768292,266.6978709725861,13.87766795614105,321.1335704505216,1177.5899658203125
1988-04-02,1998-04-02,9.998631074606434,121,121000,457494.87285156245,336494.87285156245,278.0949362409607,14.226795701494055,325.3627424745359,1230.1800537109375
1988-05-02,1998-05-02,9.998631074606434,120,120000,458133.17516976164,338133.17516976164,281.7776459748014,14.337585070420044,327.81647707563275,1251.530029296875
1988-06-02,1998-06-02,9.998631074606434,121,121000,429794.9082269673,308794.9082269673,255.2024034933614,13.51548949182848,334.21790301490734,1187.1500244140625
1988-07-02,1998-07-02,9.998631074606434,121,121000,475876.2919358839,354876.2919358839,293.2861916825487,14.677710041462255,338.8194290768443,1332.530029296875
1988-08-02,1998-08-02,9.998631074606434,120,120000,484673.58862490504,364673.58862490504,303.8946571874209,14.983390721788915,340.9948572621324,1377.260009765625
1988-09-02,1998-09-02,9.998631074606434,121,121000,424965.63015081565,303965.63015081565,251.21126458745096,13.387273686445077,347.7792612492114,1221.43994140625
1988-10-02,1998-10-02,9.998631074606434,121,121000,437657.01337401586,316657.01337401586,261.70001105290567,13.721478311421876,352.90016654700787,1276.43994140625
1988-11-02,1998-11-02,9.998631074606434,121,121000,479439.75833101844,358439.75833101844,296.2312052322467,14.763306954395873,358.07125242215375,1418.7900390625
1988-12-02,1998-12-02,9.998631074606434,121,121000,538821.1114863626,417821.11148636264,345.3067037077377,16.111384664400564,363.58984770257325,1619.0899658203125
1989-01-02,1999-01-02,9.998631074606434,120,120000,600312.0669772782,480312.0669772782,400.2600558143985,17.470591483759492,367.01111520420955,1836.010009765625
1989-02-02,1999-02-02,9.998631074606434,121,121000,669877.2700935134,548877.2700935134,453.61757858968053,18.667327711919214,375.4739773078797,2078.68994140625
1989-03-02,1999-03-02,9.998631074606434,121,121000,599690.9720843316,478690.97208433156,395.6123736234145,17.360981079931204,381.0760454529662,1888.6600341796875
1989-04-02,1999-04-02,9.998631074606434,120,120000,669871.3661673557,549871.3661673557,458.2261384727964,18.76575706751218,384.45528342401076,2146.1298828125
1989-05-02,1999-05-02,9.998631074606434,120,120000,656297.2430494793,536297.2430494793,446.9143692078994,18.52283645158266,390.6260308487188,2136.389892578125
1989-06-02,1999-06-02,9.998631074606434,121,121000,628933.1534459582,507933.15344595816,419.7794656578167,17.921151712390483,399.11927579459626,2074.5400390625
1989-07-02,1999-07-02,9.998631074606434,121,121000,702020.43888943,581020.43888943,480.18218090035543,19.224879640614677,404.679764409335,2347.8798828125
1989-08-02,1999-08-02,9.998631074606434,121,121000,667159.556313831,546159.556313831,451.37153414366196,18.619089269815813,410.7593370976684,2264.81005859375
1989-09-02,1999-09-02,9.998631074606434,121,121000,694562.1751876872,573562.1751876872,474.01832660139434,19.097588073371476,416.81597725671605,2392.60009765625
1989-10-02,1999-10-02,9.998631074606434,120,120000,687247.8241310312,567247.8241310312,472.7065201091927,19.07033889115588,419.8398074311151,2404.449951171875
1989-11-02,1999-11-02,9.998631074606434,121,121000,741403.0782356304,620403.0782356304,512.7298167236615,19.87750075449992,428.7354586857222,2626.989990234375
1989-12-02,1999-12-02,9.998631074606434,121,121000,864124.0963179766,743124.0963179766,614.152145717336,21.728077727854878,435.2671891198754,3108.469970703125
1990-01-02,2000-01-02,9.998631074606434,120,120000,1014386.0888777839,894386.0888777839,745.3217407314866,23.79836124696815,438.6294471636899,3707.830078125
1990-02-02,2000-02-02,9.998631074606434,121,121000,1004563.1706873378,883563.1706873378,730.2174964358163,23.57532830771014,448.61255959153783,3724.4599609375
1990-03-02,2000-03-02,10.001368925393566,121,121000,1122473.4788020635,1001473.4788020635,827.6640320678212,24.946999331673393,456.4432401444486,4234.259765625
1990-04-02,2000-04-02,10.001368925393566,120,120000,1145047.8076589822,1025047.8076589822,854.2065063824853,25.299930070274268,460.8897355377249,4397.83984375
1990-05-02,2000-05-02,10.001368925393566,121,121000,929261.7245479575,808261.7245479575,667.984896320626,22.60922568642789,472.31528588283385,3627.31005859375
1990-06-02,2000-06-02,10.001368925393566,121,121000,945132.7658714827,824132.7658714827,681.1014593979196,22.817011666212217,480.81716871581654,3755.669921875
1990-07-02,2000-07-02,10.001368925393566,120,120000,931500.9592535396,811500.9592535396,676.2507993779496,22.74053847496562,484.8677826906744,3763.7900390625
1990-08-02,2000-08-02,10.001368925393566,121,121000,851102.6863182178,730102.6863182178,603.3906498497668,21.536874377437698,496.2164465274179,3490.340087890625
1990-09-02,2000-09-02,10.001368925393566,120,120000,980873.7635721617,860873.7635721617,717.3948029768014,23.376003587916806,501.5079359152523,4099.2998046875
1990-10-02,2000-10-02,10.001368925393566,121,121000,811528.3131485834,690528.3131485834,570.6845563211433,20.959648947321764,515.5881312775224,3457.969970703125
1990-11-02,2000-11-02,10.001368925393566,121,121000,759554.0743394931,638554.0743394931,527.7306399499943,20.16179666760842,527.0540849706344,3308.47998046875
1990-12-02,2000-12-02,10.001368925393566,120,120000,570947.7918486965,450947.79184869654,375.78982654058046,16.877857828130338,535.896281930464,2549.739990234375
1991-01-02,2001-01-02,10.001368925393566,121,121000,467574.6837671772,346574.6837671772,286.4253584852704,14.471803839610843,550.8903550329549,2128.780029296875
1991-02-02,2001-02-02,10.001368925393566,121,121000,531625.1199724985,410625.1199724985,339.35960328305663,15.950657009629477,562.6780234613258,2472.179931640625
1991-03-02,2001-03-02,10.001368925393566,121,121000,397626.5897852978,276626.5897852978,228.6170163514858,12.632035468521252,572.5022966577142,1881.3399658203125
1991-04-02,2001-04-02,10.001368925393566,121,121000,315548.1199394436,194548.1199394436,160.78357019788726,10.058179529897915,581.5473554963143,1516.5799560546875
1991-05-02,2001-05-02,10.001368925393566,121,121000,402146.06594873365,281146.06594873365,232.35212061878815,12.75938696778367,590.4641259070622,1962.4200439453125
1991-06-02,2001-06-02,10.001368925393566,120,120000,370322.3541526976,250322.3541526976,208.60196179391468,11.926563479704356,596.5062390899509,1840.8299560546875
1991-07-02,2001-07-02,10.001368925393566,121,121000,363662.5448932641,242662.54489326407,200.54755776302815,11.630990679918153,608.9518594089839,1830.18994140625
1991-08-02,2001-08-02,10.001368925393566,121,121000,342177.5481303531,221177.5481303531,182.7913620912009,10.953353888867422,619.3435111384442,1751.449951171875
1991-09-02,2001-09-02,10.001368925393566,120,120000,281797.3250252749,161797.32502527488,134.83110418772907,8.9106844417832,625.8540393341441,1469.699951171875
1991-10-02,2001-10-02,10.001368925393566,121,121000,220031.8256136799,99031.82561367989,81.84448397824784,6.161356349084546,637.5612665027942,1159.3699951171875
1991-11-02,2001-11-02,10.001368925393566,121,121000,266590.9517323953,145590.95173239528,120.32310060528535,8.218449649122128,647.1314289694922,1425.780029296875
1991-12-02,2001-12-02,10.001368925393566,120,120000,292865.4631920431,172865.46319204313,144.05455266003594,9.331016931672798,653.972659568206,1596.050048828125
1992-01-02,2002-01-02,10.001368925393566,121,121000,292045.27371711977,171045.27371711977,141.3597303447271,9.209707398441047,667.2157001287516,1610.3900146484375
1992-02-02,2002-02-02,10.001368925393566,120,120000,272546.9834179688,152546.9834179688,127.12248618164065,8.547827817826793,672.8307928048692,1528.1500244140625
1992-03-02,2002-03-02,9.998631074606434,120,120000,252772.40751109758,132772.40751109758,110.64367292591466,7.7356091671710425,681.4399000175688,1435.4100341796875
1992-04-02,2002-04-02,9.998631074606434,121,121000,246244.71040045674,125244.71040045674,103.5080251243444,7.364913566910225,693.0488531437127,1410.4100341796875
1992-05-02,2002-05-02,9.998631074606434,121,121000,211080.98128530066,90080.98128530066,74.44709197132285,5.723049630320376,702.4307377497726,1225.3699951171875
1992-06-02,2002-06-02,9.998631074606434,120,120000,204258.5045269131,84258.50452691311,70.21542043909426,5.463711932029391,709.8886591492311,1208.3399658203125
1992-07-02,2002-07-02,9.998631074606434,121,121000,161691.31890294026,40691.31890294026,33.62918917598368,2.9418235068548793,721.1448180497706,963.6599731445312
1992-08-02,2002-08-02,9.998631074606434,121,121000,147786.77284052453,26786.77284052453,22.137828793821924,2.02020893434276,730.7400324532138,892.510009765625
1992-09-02,2002-09-02,9.998631074606434,120,120000,153031.3186293584,33031.3186293584,27.526098857798665,2.4616518678227894,738.9703075082992,942.3800048828124
1992-10-02,2002-10-02,9.998631074606434,121,121000,137129.95830269382,16129.95830269382,13.330544051813073,1.2594213886830907,749.6213795678656,849.5499877929688
1992-11-02,2002-11-02,9.998631074606434,120,120000,161143.51009476022,41143.51009476022,34.28625841230018,2.9923363820494098,758.8713913152346,1019.0599975585938
1992-12-02,2002-12-02,9.998631074606434,121,121000,175860.7592392928,54860.75923929279,45.33947044569652,3.8103321392702894,770.946795662797,1120.489990234375
1993-01-02,2003-01-02,9.998631074606434,121,121000,159398.8637441256,38398.863744125614,31.734598135641,2.794913144312239,780.2505946791767,1027.8599853515625
1993-02-02,2003-02-02,9.998631074606434,120,120000,149691.29239461533,29691.29239461533,24.742743662179443,2.235763285829462,788.0618615021036,983.0499877929688
1993-03-02,2003-03-02,9.998631074606434,120,120000,152103.17455665686,32103.174556656857,26.752645463880715,2.399329474643719,796.6224188370959,1009.739990234375
1993-04-02,2003-04-02,9.998631074606434,121,121000,159282.8912417677,38282.891241767706,31.638753092370003,2.7874307065036907,807.8623778753642,1063.4599609375
1993-05-02,2003-05-02,9.998631074606434,121,121000,167869.56426277716,46869.56426277716,38.735177076675335,3.328614467401292,819.0784770886956,1136.3499755859375
1993-06-02,2003-06-02,9.998631074606434,121,121000,172640.23312459805,51640.233124598046,42.67787861537028,3.618613710351881,830.6333233883264,1185.1300048828125
1993-07-02,2003-07-02,9.998631074606434,121,121000,179128.23255406666,58128.232554066664,48.03986161493113,4.001642870500932,841.496328360763,1245.75
1993-08-02,2003-08-02,9.998631074606434,120,120000,178329.90013984288,58329.90013984288,48.608250116535736,4.041510196234599,850.7871970962859,1264.3399658203125
1993-09-02,2003-09-02,9.998631074606434,121,121000,190218.667548312,69218.66754831199,57.20551037050578,4.628371645831919,865.8029623850096,1361.0899658203125
1993-10-02,2003-10-02,9.998631074606434,121,121000,184296.2137708886,63296.2137708886,52.310920471808764,4.297910065710364,877.8753167823061,1337.0999755859375
1993-11-02,2003-11-02,9.998631074606434,120,120000,191539.29661190676,71539.29661190676,59.6160805099223,4.787732934009026,887.373007859562,1416.3900146484375
1993-12-02,2003-12-02,9.998631074606434,121,121000,192005.47898502275,71005.47898502275,58.682214037208894,4.726254303658939,902.3632694667835,1431.8900146484375
1994-01-02,2004-01-02,9.998631074606434,121,121000,193559.17075495012,72559.17075495012,59.966256822272825,4.810702440292403,914.924169235973,1463.5699462890625
1994-02-02,2004-02-02,9.998631074606434,121,121000,194007.27854494422,73007.27854494422,60.33659383879687,4.834945186647577,927.947844093653,1487.8399658203125
1994-03-02,2004-03-02,10.001368925393566,121,121000,189523.2134327576,68523.21343275759,56.630754903105455,4.588765466912315,940.5687737472024,1473.219970703125
1994-04-02,2004-04-02,10.001368925393566,121,121000,189069.40421878075,68069.40421878075,56.255705965934496,4.563698319708265,953.7572017709401,1490.300048828125
1994-05-02,2004-05-02,10.001368925393566,120,120000,174053.09543777633,54053.09543777633,45.044246198146936,3.788166535859161,966.1603421601056,1401.3599853515625
1994-06-02,2004-06-02,10.001368925393566,121,121000,180040.02927979242,59040.02927979242,48.793412627927616,4.053335946879422,984.062361930329,1464.219970703125
1994-07-02,2004-07-02,10.001368925393566,121,121000,179235.54157995063,58235.54157995063,48.12854676028977,4.006753556329423,999.9355112848016,1481.18994140625
1994-08-02,2004-08-02,10.001368925393566,121,121000,167236.60626467576,46236.606264675764,38.21207129312047,3.28866728668491,1017.516012094298,1406.3299560546875
1994-09-02,2004-09-02,10.001368925393566,121,121000,163535.3470382527,42535.34703825269,35.15317937045677,3.0577925858012334,1034.6334228567744,1398.3399658203125
1994-10-02,2004-10-02,10.001368925393566,120,120000,166208.7277462523,46208.72774625229,38.50727312187691,3.3107041224401668,1048.9990226923048,1452.93994140625
1994-11-02,2004-11-02,10.001368925393566,121,121000,169218.926660428,48218.926660428,39.85035261192397,3.410434478818103,1068.8782174205508,1494.8299560546875
1994-12-02,2004-12-02,10.001368925393566,121,121000,179668.08876551976,58668.08876551976,48.48602377315683,4.031822744655611,1086.3985602298055,1613.1500244140625
1995-01-02,2005-01-02,10.001368925393566,120,120000,176523.52606786595,56523.526067865954,47.102938389888294,3.934526173271058,1102.0310082593303,1621.1199951171875
1995-02-02,2005-02-02,10.001368925393566,121,121000,164187.11129075228,43187.11129075228,35.69182751301841,3.0987868081042036,1123.9438686457502,1525.0999755859375
1995-03-02,2005-03-02,10.001368925393566,121,121000,161496.70552419213,40496.70552419213,33.46835167288606,2.9286113544961356,1142.8027769722833,1525.280029296875
1995-04-02,2005-04-02,10.001368925393566,120,120000,152171.03490442858,32171.034904428583,26.809195753690485,2.4032317905976264,1158.7093245508383,1469.3499755859375
1995-05-02,2005-05-02,10.001368925393566,121,121000,146234.04581399114,25234.045813991135,20.854583317348048,1.9119676080762593,1178.0355546789874,1423.7099609375
1995-06-02,2005-06-02,10.001368925393566,121,121000,158781.81026058775,37781.81026058775,31.224636578998137,2.754280486322469,1195.6291149588938,1568.9599609375
1995-07-02,2005-07-02,10.001368925393566,120,120000,147819.0126362421,27819.012636242114,23.18251053020176,2.1065648884333488,1210.017577074327,1490.530029296875
1995-08-02,2005-08-02,10.001368925393566,121,121000,160415.3819949088,39415.38199490879,32.57469586356099,2.859495002269674,1227.2402355273434,1627.010009765625
1995-09-02,2005-09-02,10.001368925393566,121,121000,153249.95655562644,32249.956555626442,26.65285665754251,2.390601535225545,1242.0722569019954,1573.1199951171875
1995-10-02,2005-10-02,10.001368925393566,120,120000,153340.02763463813,33340.02763463813,27.78335636219844,2.4816175852111044,1253.4183478792227,1601.6600341796875
1995-11-02,2005-11-02,10.001368925393566,121,121000,152133.11716942684,31133.11716942684,25.729848900352764,2.3157467550005695,1270.4143471360035,1597.2900390625
1995-12-02,2005-12-02,10.001368925393566,121,121000,161001.97463672285,40001.97463672285,33.05948317084533,2.897040853503241,1284.4631099246733,1709.0999755859375
1996-01-02,2006-01-02,10.001368925393566,120,120000,152231.24399712437,32231.243997124373,26.859369997603643,2.407282275231637,1296.8690851948522,1645.199951171875
1996-02-02,2006-02-02,10.001368925393566,121,121000,155111.65553374114,34111.65553374114,28.191450854331524,2.5142951457167273,1315.0409081857183,1685.77001953125
1996-03-02,2006-03-02,9.998631074606434,121,121000,154032.37378084398,33032.37378084398,27.299482463507417,2.443427159174849,1330.5474590459755,1693.780029296875
1996-04-02,2006-04-02,9.998631074606434,120,120000,152098.5090203694,32098.509020369413,26.748757516974507,2.399015332750709,1344.1236565585498,1703.6600341796875
1996-05-02,2006-05-02,9.998631074606434,121,121000,150118.6247238434,29118.624723843386,24.064979110614367,2.180071640513126,1362.1330256334647,1689.9300537109375
1996-06-02,2006-06-02,9.998631074606434,121,121000,141819.99363038072,20819.99363038072,17.20660630609977,1.6005720394908662,1376.1169913936178,1612.9000244140625
1996-07-02,2006-07-02,9.998631074606434,120,120000,136222.29435314718,16222.294353147183,13.518578627622652,1.2762118105059672,1387.6406835889036,1575.22998046875
1996-08-02,2006-08-02,9.998631074606434,121,121000,129497.9772304787,8497.977230478704,7.023121678081573,0.681149425852734,1402.0147767527226,1500.47998046875
1996-09-02,2006-09-02,9.998631074606434,120,120000,134798.1861126198,14798.186112619791,12.331821760516492,1.1698186850370051,1414.977471024874,1589.469970703125
1996-10-02,2006-10-02,9.998631074606434,121,121000,138052.27203274227,17052.272032742272,14.092786803919232,1.3273308671893913,1431.1247050174263,1632.81005859375
1996-11-02,2006-11-02,9.998631074606434,121,121000,143305.27272470595,22305.272724705952,18.43410968983963,1.7064945299243073,1443.984379520376,1710.1700439453125
1996-12-02,2006-12-02,9.998631074606434,120,120000,146400.4854094884,26400.485409488407,22.000404507907007,2.008722666266194,1455.011565147835,1775.1199951171875
1997-01-02,2007-01-02,9.998631074606434,120,120000,143793.83043673722,23793.83043673722,19.82819203061435,1.8255996294351373,1466.1825357134655,1756.9000244140625
1997-02-02,2007-02-02,9.998631074606434,121,121000,146985.66549274523,25985.665492745233,21.475756605574574,1.9647639161220587,1480.2377487725773,1798.1300048828125
1997-03-02,2007-03-02,9.998631074606434,121,121000,140211.76559672397,19211.76559672397,15.877492228697495,1.4847497186400993,1489.5300166579002,1726.030029296875
1997-04-02,2007-04-02,9.998631074606434,121,121000,142982.65905121283,21982.65905121283,18.16748681918416,1.6835716539494339,1500.6919447886507,1773.3299560546875
1997-05-02,2007-05-02,9.998631074606434,121,121000,150957.3157201722,29957.31572017219,24.758112165431566,2.2370229492118865,1514.7151136456225,1889.72998046875
1997-06-02,2007-06-02,9.998631074606434,120,120000,151915.0550850614,31915.05508506141,26.595879237551173,2.3866560534796966,1523.1617501130004,1928.260009765625
1997-07-02,2007-07-02,9.998631074606434,121,121000,153924.61628556697,32924.61628556697,27.210426682286748,2.436257214715054,1536.1319398744588,1954.1199951171875
1997-08-02,2007-08-02,9.998631074606434,121,121000,153892.55177316777,32892.55177316777,27.183927085262617,2.4341228411562055,1546.2645482455905,1966.5999755859375
1997-09-02,2007-09-02,9.998631074606434,120,120000,153855.08646973918,33855.08646973918,28.21257205811599,2.5166813757255158,1551.1193235927767,1988.72998046875
1997-10-02,2007-10-02,9.998631074606434,121,121000,163821.0871355727,42821.087135572714,35.38932821121712,3.0766379835630353,1562.8188133684985,2115.889892578125
1997-11-02,2007-11-02,9.998631074606434,121,121000,170416.97418659276,49416.974186592764,40.84047453437419,3.484375750838864,1571.891968371315,2213.860107421875
1997-12-02,2007-12-02,9.998631074606434,120,120000,158825.02963577467,38825.02963577467,32.35419136314556,2.8431657175577385,1578.4162754047595,2089.10009765625
1998-01-02,2008-01-02,9.998631074606434,121,121000,155873.52739011843,34873.52739011843,28.8210970166268,2.56524107836964,1591.1290995084028,2049.7099609375
1998-02-02,2008-02-02,9.998631074606434,120,120000,139246.90001133102,19246.900011331018,16.039083342775847,1.498894826282715,1598.832019424731,1855.27001953125
1998-03-02,2008-03-02,10.001368925393566,120,120000,130360.01597926904,10360.01597926904,8.633346649390866,0.8314061377676429,1606.5693208955709,1745.27001953125
1998-04-02,2008-04-02,10.001368925393566,121,121000,138589.68594939602,17589.685949396022,14.536930536690928,1.3663356511339098,1614.1519073063319,1848.800048828125
1998-05-02,2008-05-02,10.001368925393566,121,121000,147953.83011982255,26953.830119822553,22.275892661010374,2.0311751597891448,1620.8182594189625,1981.8699951171875
1998-06-02,2008-06-02,10.001368925393566,121,121000,149219.897981641,28219.897981641,23.322229736893387,2.118138787988255,1627.3140455714133,2006.8399658203125
1998-07-02,2008-07-02,10.001368925393566,121,121000,134511.18232832727,13511.182328327268,11.166266387047328,1.0640441200949091,1633.7240454678736,1816.1500244140625
1998-08-02,2008-08-02,10.001368925393566,120,120000,133911.44433414532,13911.444334145315,11.59287027845443,1.102755638037034,1636.8071311688532,1826.56005859375
1998-09-02,2008-09-02,10.001368925393566,121,121000,136313.26505577934,15313.265055779339,12.655590955189536,1.1986144967650825,1642.2975539530555,1850.1400146484375
1998-10-02,2008-10-02,10.001368925393566,121,121000,109640.13227846411,-11359.867721535891,-9.388320431021398,-0.9808932865617015,1645.6046201157185,1491.1099853515625
1998-11-02,2008-11-02,10.001368925393566,120,120000,97099.60952725483,-22900.390472745174,-19.083658727287645,-2.094997580600766,1649.580305167612,1334.780029296875
1998-12-02,2008-12-02,10.001368925393566,121,121000,83252.87450206299,-37747.12549793701,-31.19597148589836,-3.6695454985645637,1642.3456945815349,1130.0
1999-01-02,2009-01-02,10.001368925393566,121,121000,93322.7329917385,-27677.267008261493,-22.87377438699297,-2.5634828581828306,1638.4828132426553,1263.699951171875
1999-02-02,2009-02-02,10.001368925393566,121,121000,88659.8890024895,-32340.110997510506,-26.727364460752483,-3.0615592392127855,1631.9189165230891,1195.75
1999-03-02,2009-03-02,10.001368925393566,121,121000,80312.64949562403,-40687.350504375965,-33.62590950774873,-4.015237488058387,1622.1239883821936,1076.6700439453125
1999-04-02,2009-04-02,10.001368925393566,121,121000,96861.145209975,-24138.854790024998,-19.9494667686157,-2.2002497788285114,1616.8537504765638,1294.300048828125
1999-05-02,2009-05-02,10.001368925393566,120,120000,103889.22222295075,-16110.777777049254,-13.425648147541045,-1.4311290787371367,1613.2029466386582,1396.6199951171875
1999-06-02,2009-06-02,10.001368925393566,121,121000,111458.8698963819,-9541.130103618096,-7.885231490593468,-0.8178736692383004,1607.0279310777235,1480.31005859375
1999-07-02,2009-07-02,10.001368925393566,121,121000,109199.44661415587,-11800.553385844134,-9.752523459375318,-1.0207595700763905,1602.5711573728443,1446.280029296875
1999-08-02,2009-08-02,10.001368925393566,120,120000,120376.6624664108,376.6624664107949,0.3138853886756624,0.031340000103208254,1598.3430201503932,1603.3599853515625
1999-09-02,2009-09-02,10.001368925393566,121,121000,120970.23967055381,-29.760329446187825,-0.024595313591890763,-0.0024594669413180448,1594.672243936034,1594.280029296875
1999-10-02,2009-10-02,10.001368925393566,121,121000,126451.00538838361,5451.005388383608,4.504963130895543,0.44155546699011783,1590.8239574727731,1662.489990234375
1999-11-02,2009-11-02,10.001368925393566,121,121000,127565.70420647804,6565.70420647804,5.42620182353557,0.5297359737145735,1586.806700083758,1672.9100341796875
1999-12-02,2009-12-02,10.001368925393566,121,121000,136875.07970357483,15875.079703574826,13.119900581466798,1.24024061584862,1583.116619696238,1790.8199462890625
2000-01-02,2010-01-02,10.001368925393566,120,120000,141587.8493273494,21587.849327349395,17.98987443945783,1.6678151262896401,1576.6692416884464,1860.31005859375
2000-02-02,2010-02-02,10.001368925393566,121,121000,136714.0884591259,15714.088459125895,12.986849966219749,1.2283281526111356,1572.678629837514,1776.9200439453125
2000-03-02,2010-03-02,9.998631074606434,121,121000,142932.82403793806,21932.82403793806,18.126300857800047,1.680026545040758,1567.1446134303137,1851.2099609375
2000-04-02,2010-04-02,9.998631074606434,120,120000,150835.80100180185,30835.801001801854,25.69650083483488,2.313673653666326,1558.961502968655,1959.56005859375
2000-05-02,2010-05-02,9.998631074606434,120,120000,154517.95105923316,34517.951059233164,28.764959216027634,2.5607699901307512,1553.7068602075012,2000.6300048828125
2000-06-02,2010-06-02,9.998631074606434,121,121000,146576.46626886487,25576.466268864868,21.13757542881394,1.9363380258272667,1551.615969831629,1879.5899658203125
2000-07-02,2010-07-02,9.998631074606434,121,121000,135321.3103204045,14321.310320404504,11.835793653226863,1.1250495774180136,1545.4264769465813,1728.3399658203125
2000-08-02,2010-08-02,9.998631074606434,121,121000,149183.3396921571,28183.33969215711,23.292016274510008,2.1162223963606897,1540.2375981963576,1898.989990234375
2000-09-02,2010-09-02,9.998631074606434,121,121000,145067.35240184926,24067.35240184926,19.890373885825834,1.8308831050656948,1535.2191309433326,1840.5799560546875
2000-10-02,2010-10-02,9.998631074606434,120,120000,156863.4696846279,36863.4696846279,30.719558070523245,2.715420856789663,1527.3919259341214,1996.5999755859375
2000-11-02,2010-11-02,9.998631074606434,121,121000,170517.5651560644,49517.565156064404,40.92360756699537,3.4904832730715984,1526.8697756550073,2151.719970703125
2000-12-02,2010-12-02,9.998631074606434,121,121000,173518.17410870016,52518.17410870016,43.4034496766117,3.6711947013644775,1523.8824824341275,2185.300048828125
2001-01-02,2011-01-02,9.998631074606434,120,120000,175235.27154075736,55235.271540757356,46.029392950631134,3.859512404767096,1518.776502872732,2217.860107421875
2001-02-02,2011-02-02,9.998631074606434,121,121000,184330.89379969498,63330.89379969498,52.339581652640476,4.299872799169657,1523.629028457683,2321.090087890625
2001-03-02,2011-03-02,9.998631074606434,121,121000,184840.7878001659,63840.78780016591,52.76098165302968,4.328692204967366,1523.1441918958783,2326.77001953125
2001-04-02,2011-04-02,9.998631074606434,120,120000,184878.40477269774,64878.404772697744,54.065337310581455,4.417445382535234,1520.7313746062753,2342.919921875
2001-05-02,2011-05-02,9.998631074606434,121,121000,190161.68671378097,69161.68671378097,57.15841877171981,4.625236605434679,1529.8194070828936,2404.239990234375
2001-06-02,2011-06-02,9.998631074606434,121,121000,183843.08345756892,62843.08345756892,51.93643260956109,4.272234338543335,1531.364078522836,2326.699951171875
2001-07-02,2011-07-02,9.998631074606434,120,120000,185299.91889709365,65299.91889709365,54.416599080911375,4.441230938673502,1529.2331955457726,2361.389892578125
2001-08-02,2011-08-02,9.998631074606434,121,121000,180635.71329962648,59635.713299626485,49.28571347076569,4.088849267831884,1535.880456575139,2292.85009765625
2001-09-02,2011-09-02,9.998631074606434,121,121000,170548.62995149006,49548.62995149006,40.94928095164468,3.4923687605189047,1538.0213815129111,2167.830078125
2001-10-02,2011-10-02,9.998631074606434,120,120000,166792.5445413858,46792.54454138581,38.99378711782151,3.347861989981027,1539.0471588685448,2139.179931640625
2001-11-02,2011-11-02,9.998631074606434,121,121000,180872.40334357845,59872.40334357845,49.481325077337566,4.102482037502009,1550.9094979991244,2318.320068359375
2001-12-02,2011-12-02,9.998631074606434,121,121000,178987.67313278446,57987.67313278446,47.9236968039541,3.993478006127238,1556.234794559951,2302.0400390625
2002-01-02,2012-01-02,9.998631074606434,120,120000,175652.18195407235,55652.18195407235,46.376818295060296,3.884199071122252,1556.141269263993,2277.830078125
2002-02-02,2012-02-02,9.998631074606434,121,121000,192988.04620886335,71988.04620886335,59.49425306517633,4.7797311356708505,1564.8401307005681,2495.830078125
2002-03-02,2012-03-02,10.001368925393566,121,121000,203472.19443578206,82472.19443578206,68.15883837667938,5.334073674811313,1570.883875998123,2641.580078125
2002-04-02,2012-04-02,10.001368925393566,121,121000,213611.81401137618,92611.81401137618,76.53868926560014,5.847501526281662,1577.2292937362172,2784.419921875
2002-05-02,2012-05-02,10.001368925393566,121,121000,208863.84254970838,87863.84254970838,72.6147459088499,5.609878833661419,1584.3200446938406,2734.77001953125
2002-06-02,2012-06-02,10.001368925393566,120,120000,185782.75293318226,65782.75293318226,54.81896077765188,4.467166801987554,1588.196992005602,2458.830078125
2002-07-02,2012-07-02,10.001368925393566,121,121000,198135.04775854046,77135.04775854046,63.747973354165666,5.054500422693753,1603.0916142206383,2625.030029296875
2002-08-02,2012-08-02,10.001368925393566,121,121000,196447.5023127272,75447.50231272721,62.353307696468775,4.9646914437342815,1617.1644771413276,2625.52001953125
2002-09-02,2012-09-02,10.001368925393566,120,120000,204319.31467925166,84319.31467925166,70.26609556604305,5.465315012276584,1628.1808665537144,2772.239990234375
2002-10-02,2012-10-02,10.001368925393566,121,121000,205211.22139418108,84211.22139418108,69.59605073899262,5.423743462016195,1650.5632217642803,2799.2900390625
2002-11-02,2012-11-02,10.001368925393566,121,121000,192600.70861394683,71600.70861394683,59.17413935036928,4.757346186080413,1668.7886864900536,2656.280029296875
2002-12-02,2012-12-02,10.001368925393566,120,120000,191609.1700588916,71609.17005889161,59.67430838240968,4.7902128787030485,1677.0887627076174,2677.8798828125
2003-01-02,2013-01-02,10.001368925393566,121,121000,196093.76570577908,75093.76570577908,62.060963393205846,4.9457780504445825,1694.7140836374087,2746.469970703125
2003-02-02,2013-02-02,10.001368925393566,120,120000,194653.48106935134,74653.48106935134,62.21123422445945,4.955503745488565,1703.9263489684545,2763.9599609375
2003-03-02,2013-03-02,10.001368925393566,120,120000,191739.95061755634,71739.95061755634,59.78329218129696,4.797362035438435,1719.672916040737,2747.75
2003-04-02,2013-04-02,10.001368925393566,121,121000,196000.9819265651,75000.98192656509,61.98428258393809,4.940812055357036,1741.2924712160839,2820.6201171875
2003-05-02,2013-05-02,10.001368925393566,121,121000,200553.65250978075,79553.65250978075,65.74682025601714,5.18202237894847,1756.3775208969303,2911.139892578125
2003-06-02,2013-06-02,10.001368925393566,120,120000,202794.8187886925,82794.8187886925,68.99568232391042,5.3863690878559245,1764.4001129274707,2981.760009765625
2003-07-02,2013-07-02,10.001368925393566,121,121000,198756.9160319189,77756.9160319189,64.26191407596603,5.087421929160296,1783.5113509377695,2929.6298828125
2003-08-02,2013-08-02,10.001368925393566,121,121000,211744.61765580508,90744.61765580508,74.99555178165708,5.754626204492208,1796.342814161035,3143.52001953125
2003-09-02,2013-09-02,10.001368925393566,120,120000,204623.6924935642,84623.69249356419,70.51974374463683,5.481013680493607,1802.612407861085,3073.81005859375
2003-10-02,2013-10-02,10.001368925393566,121,121000,216231.73317863976,95231.73317863976,78.7039117178841,5.976593344186432,1820.4749848461486,3253.260009765625
2003-11-02,2013-11-02,10.001368925393566,120,120000,222112.02433648502,102112.02433648502,85.0933536137375,6.349492685265989,1825.9758893442954,3379.760009765625
2003-12-02,2013-12-02,10.001368925393566,121,121000,228391.45266382187,107391.45266382187,88.75326666431559,6.557904506398882,1844.2859103120743,3481.14990234375
2004-01-02,2014-01-02,10.001368925393566,121,121000,232310.16120661658,111310.16120661658,91.99186876579884,6.7393137211746446,1856.1046836344897,3563.570068359375
2004-02-02,2014-02-02,10.001368925393566,120,120000,227188.58624714668,107188.58624714668,89.32382187262223,6.590066235931569,1860.2624260588616,3521.919921875
2004-03-02,2014-03-02,9.998631074606434,120,120000,237014.5178275618,117014.5178275618,97.51209818963483,7.044268145529076,1871.3284560966788,3696.10009765625
2004-04-02,2014-04-02,9.998631074606434,121,121000,234594.62129853095,113594.62129853095,93.8798523128355,6.845738373963073,1890.8566034592932,3665.989990234375
2004-05-02,2014-05-02,9.998631074606434,121,121000,228173.50201029395,107173.50201029395,88.57314215726772,6.549583253000102,1902.5190181039018,3587.639892578125
2004-06-02,2014-06-02,9.998631074606434,121,121000,235778.2487434786,114778.24874347859,94.85805681279223,6.899531853721119,1915.7329299059475,3732.9599609375
2004-07-02,2014-07-02,9.998631074606434,121,121000,244619.5567448528,123619.5567448528,102.16492292963042,7.293834350865525,1928.7569589352097,3899.27001953125
2004-08-02,2014-08-02,9.998631074606434,120,120000,240770.65774189407,120770.65774189407,100.64221478491173,7.212734209272242,1933.6259450853863,3879.669921875
2004-09-02,2014-09-02,9.998631074606434,121,121000,253319.6632106269,132319.6632106269,109.35509356250157,7.669512435242787,1956.3937943410835,4095.81005859375
2004-10-02,2014-10-02,9.998631074606434,121,121000,244669.61400897102,123669.61400897102,102.20629256939755,7.296030036539558,1971.1899498971045,3985.8701171875
2004-11-02,2014-11-02,9.998631074606434,120,120000,252398.54306005535,132398.54306005535,110.3321192167128,7.719661672688938,1976.9733583357975,4158.2099609375
2004-12-02,2014-12-02,9.998631074606434,121,121000,260519.01171523615,139519.01171523615,115.3049683596993,7.971706394090594,1999.935251723382,4305.9599609375
2005-01-02,2015-01-02,9.998631074606434,121,121000,254315.47225964622,133315.47225964622,110.17807624764151,7.711768821930787,2012.6933835814236,4230.240234375
2005-02-02,2015-02-02,9.998631074606434,121,121000,250199.37721074538,129199.37721074538,106.77634480226892,7.5361304678853935,2025.6620010162978,4188.58984375
2005-03-02,2015-03-02,9.998631074606434,121,121000,265849.00648367184,144849.00648367184,119.70992271377838,8.190629431430052,2040.4402993339913,4483.0498046875
2005-04-02,2015-04-02,9.998631074606434,121,121000,254113.7266812292,133113.7266812292,110.01134436465223,7.703219947497875,2055.1317257085484,4316.009765625
2005-05-02,2015-05-02,9.998631074606434,120,120000,260680.5254969571,140680.5254969571,117.23377124746423,8.068057973426601,2061.8617597405605,4479.06005859375
2005-06-02,2015-06-02,9.998631074606434,121,121000,261255.49314842495,140255.49314842495,115.91363070117764,8.002195168240277,2088.284154213038,4508.89013671875
2005-07-02,2015-07-02,9.998631074606434,121,121000,255055.1617897354,134055.1617897354,110.78938990887224,7.74306069495474,2103.2321117468855,4433.39013671875
2005-08-02,2015-08-02,9.998631074606434,120,120000,260955.929485618,140955.929485618,117.46327457134834,8.079471295223328,2110.200062652146,4588.91015625
2005-09-02,2015-09-02,9.998631074606434,121,121000,241350.7555629101,120350.75556291011,99.4634343495125,7.149570539642025,2133.8397157098548,4256.22998046875
2005-10-02,2015-10-02,9.998631074606434,121,121000,240274.2708515266,119274.27085152661,98.57377756324513,7.101676402849533,2149.0502158339264,4267.4501953125
2005-11-02,2015-11-02,9.998631074606434,121,121000,262919.52295884624,141919.52295884624,117.28886194945972,8.070798652675283,2164.8233046427886,4703.919921875
2005-12-02,2015-12-02,9.998631074606434,121,121000,259996.36393336338,138996.36393336338,114.87302804410196,7.950022788528854,2180.9252922530227,4686.22021484375
2006-01-02,2016-01-02,9.998631074606434,120,120000,252151.85322297586,132151.85322297586,110.12654435247988,7.709127269494176,2185.954199021234,4593.27001953125
2006-02-02,2016-02-02,9.998631074606434,121,121000,229620.3976818585,108620.3976818585,89.7689237040153,6.616965758900362,2209.582062127451,4193.10009765625
2006-03-02,2016-03-02,10.001368925393566,121,121000,235786.48698218382,114786.48698218382,94.86486527453208,6.897952883111014,2224.305613334819,4334.39013671875
2006-04-02,2016-04-02,10.001368925393566,120,120000,243864.90261385488,123864.90261385488,103.22075217821241,7.347662024929336,2230.1266133247245,4532.080078125
2006-05-02,2016-05-02,10.001368925393566,121,121000,235155.7114597256,114155.7114597256,94.34356318985587,6.869324998266091,2254.4095275269656,4381.2998046875
2006-06-02,2016-06-02,10.001368925393566,121,121000,241527.91620410053,120527.91620410053,99.60984810256242,7.155406390997587,2270.10347471833,4531.35009765625
2006-07-02,2016-07-02,10.001368925393566,120,120000,233771.6826831257,113771.68268312569,94.80973556927141,6.894928635352415,2277.838005552145,4437.4501953125
2006-08-02,2016-08-02,10.001368925393566,121,121000,247710.07972863578,126710.07972863578,104.71907415589735,7.426535982957438,2305.21263365217,4719.2099609375
2006-09-02,2016-09-02,10.001368925393566,121,121000,249686.465902792,128686.465902792,106.35245115933223,7.511929716480714,2325.506776107892,4798.740234375
2006-10-02,2016-10-02,10.001368925393566,120,120000,250650.5201160704,130650.5201160704,108.87543343005868,7.642644321482117,2334.2621557958914,4875.7001953125
2006-11-02,2016-11-02,10.001368925393566,121,121000,242077.8419435133,121077.84194351331,100.06433218472175,7.1797759004186945,2362.6950914396816,4726.91015625
2006-12-02,2016-12-02,10.001368925393566,121,121000,240944.66431899735,119944.66431899735,99.12782175123749,7.129505430547778,2380.0642599848293,4739.3701171875
2007-01-02,2017-01-02,10.001368925393566,120,120000,244559.28935384922,124559.28935384922,103.79940779487436,7.378185179731589,2386.47411678584,4863.6201171875
2007-02-02,2017-02-02,10.001368925393566,121,121000,257966.0481936806,136966.0481936806,113.19508115180214,7.863179508507168,2414.549232328284,5147.7001953125
2007-03-02,2017-03-02,10.001368925393566,121,121000,266785.67021969054,145785.67021969054,120.48402497495086,8.226350264838068,2432.493585979446,5363.259765625
2007-04-02,2017-04-02,10.001368925393566,120,120000,267265.8847510618,147265.8847510618,122.72157062588482,8.33566863964914,2440.8188058265014,5436.22998046875
2007-05-02,2017-05-02,10.001368925393566,121,121000,276340.3377670587,155340.3377670587,128.3804444355857,8.607791427834766,2471.3454946492366,5644.06982421875
2007-06-02,2017-06-02,10.001368925393566,121,121000,285850.911559804,164850.911559804,136.24042277669753,8.975861473015524,2489.607786765966,5881.4599609375
2007-07-02,2017-07-02,10.001368925393566,120,120000,271531.5672936697,151531.56729366968,126.27630607805807,8.507324220122126,2495.586046878012,5646.919921875
2007-08-02,2017-08-02,10.001368925393566,121,121000,283415.2863588945,162415.2863588945,134.2275093875161,8.882662142169174,2524.9937532674667,5914.22998046875
2007-09-02,2017-09-02,10.001368925393566,120,120000,283900.81798453745,163900.81798453745,136.58401498711456,8.991698581269624,2530.9824514855236,5987.89990234375
2007-10-02,2017-10-02,10.001368925393566,121,121000,282664.98492504924,161664.98492504924,133.60742555789193,8.853806566933775,2560.671993875716,5981.919921875
2007-11-02,2017-11-02,10.001368925393566,121,121000,292742.11457306286,171742.11457306286,141.93563187856435,9.235734113045723,2577.70634622725,6236.39013671875
2007-12-02,2017-12-02,10.001368925393566,120,120000,294642.86767995224,174642.86767995224,145.53572306662684,9.397180494155188,2581.2415554162353,6337.8701171875
2008-01-02,2018-01-02,10.001368925393566,121,121000,301597.42728145176,180597.42728145176,149.2540721334312,9.56170880974241,2612.330377601348,6511.33984375
2008-02-02,2018-02-02,10.001368925393566,121,121000,310830.3317064987,189830.3317064987,156.88457165826338,9.892535535400215,2631.645020727751,6760.2900390625
2008-03-02,2018-03-02,9.998631074606434,121,121000,310439.4362374394,189439.4362374394,156.5615175516028,9.881544149665311,2654.7395353991774,6811.0400390625
2008-04-02,2018-04-02,9.998631074606434,121,121000,288600.0329515034,167600.0329515034,138.5124239268623,9.082797995968939,2679.4578406153355,6390.83984375
2008-05-02,2018-05-02,9.998631074606434,121,121000,297460.0710501411,176460.07105014112,145.83476946292654,9.413189683574007,2702.823524509937,6644.47998046875
2008-06-02,2018-06-02,9.998631074606434,120,120000,313559.0100864357,193559.0100864357,161.29917507202975,10.082812032424272,2711.0419211344592,7083.93017578125
2008-07-02,2018-07-02,9.998631074606434,121,121000,312630.59506505186,191630.59506505186,158.37239261574533,9.95886662541119,2747.1277996696485,7097.81982421875
2008-08-02,2018-08-02,9.998631074606434,121,121000,321654.5200099425,200654.52000994253,165.83018182639879,10.272251552877677,2773.2554112904136,7372.14990234375
2008-09-02,2018-09-02,9.998631074606434,120,120000,329734.79579550546,209734.79579550546,174.77899649625454,10.63801198628569,2785.7113907146236,7654.5498046875
2008-10-02,2018-10-02,9.998631074606434,121,121000,326480.86248919496,205480.86248919496,169.81889461916938,10.436628009586467,2827.185173937888,7628.27978515625
2008-11-02,2018-11-02,9.998631074606434,121,121000,294434.5166400828,173434.51664008282,143.33431127279573,9.301374314288612,2862.4364573288212,6965.2900390625
2008-12-02,2018-12-02,9.998631074606434,120,120000,288540.0964099273,168540.0964099273,140.45008034160608,9.171105798198731,2890.0010163242955,6949.009765625
2009-01-02,2019-01-02,9.998631074606434,121,121000,260390.69431225234,139390.69431225234,115.19892091921682,7.9663863915781175,2955.8094854831065,6360.8701171875
2009-02-02,2019-02-02,9.998631074606434,120,120000,276017.78863021446,156017.78863021446,130.01482385851205,8.687734272159918,2989.163873959948,6875.52001953125
2009-03-02,2019-03-02,9.998631074606434,120,120000,282146.5162502097,162146.5162502097,135.12209687517475,8.926720423622768,3041.6408832962584,7151.56982421875
2009-04-02,2019-04-02,9.998631074606434,121,121000,290961.91247151437,169961.91247151437,140.46439047232593,9.171755589972541,3118.8152732251856,7499.64013671875
2009-05-02,2019-05-02,9.998631074606434,121,121000,294700.9327985748,173700.9327985748,143.55448991617752,9.311261669843528,3171.388899975561,7724.06005859375
2009-06-02,2019-06-02,9.998631074606434,120,120000,266965.8414203184,146965.8414203184,122.471534516932,8.325873477035795,3203.9874118794287,7127.9599609375
2009-07-02,2019-07-02,9.998631074606434,121,121000,288977.9561425861,167977.95614258607,138.8247571426331,9.097075987247338,3265.9176199059084,7799.81982421875
2009-08-02,2019-08-02,9.998631074606434,121,121000,280693.91295828397,159693.91295828397,131.9784404613917,8.780178177057408,3316.170153306905,7692.7998046875
2009-09-02,2019-09-02,9.998631074606434,120,120000,275904.38861812995,155904.38861812995,129.92032384844163,8.683267474044086,3345.0718367419036,7691.0
2009-10-02,2019-10-02,9.998631074606434,121,121000,268130.6507434986,147130.65074349858,121.59557912685834,8.283139834280062,3407.4642052041336,7550.7900390625
2009-11-02,2019-11-02,9.998631074606434,120,120000,284896.40590671374,164896.40590671374,137.4136715889281,9.032435585061837,3437.5315740054452,8161.169921875
2009-12-02,2019-12-02,9.998631074606434,121,121000,287111.09940753237,166111.09940753237,137.2819003368036,9.02638163811027,3501.851491340316,8309.259765625
2010-01-02,2020-01-02,9.998631074606434,121,121000,302608.8614801782,181608.8614801782,150.08996816543652,9.601141537501444,3547.611202338774,8872.2197265625
2010-02-02,2020-02-02,9.998631074606434,120,120000,301911.8076544224,181911.80765442242,151.593173045352,9.666850506338264,3573.8289941612193,8991.509765625
2010-03-02,2020-03-02,10.001368925393566,121,121000,295076.3090055232,174076.30900552322,143.86471818638282,9.322510955258846,3640.535020717785,8877.98046875
2010-04-02,2020-04-02,10.001368925393566,121,121000,250660.78041231754,129660.78041231754,107.1576697622459,7.553803284710203,3685.9171881076954,7635.66015625
2010-05-02,2020-05-02,10.001368925393566,120,120000,281789.40079487424,161789.40079487424,134.8245006623952,8.910378219518789,3712.6363147404445,8718.1796875
2010-06-02,2020-06-02,10.001368925393566,121,121000,309483.63502030424,188483.63502030424,155.7715991903341,9.844837181969023,3775.7552444773005,9657.3095703125
2010-07-02,2020-07-02,10.001368925393566,121,121000,326919.87237304385,205919.87237304385,170.1817127049949,10.448465591162126,3827.75338304616,10341.8896484375
2010-08-02,2020-08-02,10.001368925393566,120,120000,338438.2668356896,218438.2668356896,182.03188902974134,10.923523929261814,3866.8960167346304,10905.8798828125
2010-09-02,2020-09-02,10.001368925393566,121,121000,381025.08435502206,260025.08435502206,214.89676392977032,12.152769144556853,3944.3212702663986,12420.5400390625
2010-10-02,2020-10-02,10.001368925393566,121,121000,340175.6806761943,219175.68067619432,181.13692617867298,10.888279378663125,4003.6328854695125,11255.6904296875
2010-11-02,2020-11-02,10.001368925393566,121,121000,330398.12084346614,209398.12084346614,173.0562982177406,10.565401843674383,4059.514407093364,11084.759765625
2010-12-02,2020-12-02,10.001368925393566,121,121000,366493.1985519192,245493.1985519192,202.88694095199932,11.717566594309204,4112.560983018431,12456.41015625
2011-01-02,2021-01-02,10.001368925393566,120,120000,373301.9888182317,253301.98881823168,211.08499068185975,12.016283521786676,4143.009357406793,12888.2802734375
2011-02-02,2021-02-02,10.001368925393566,121,121000,385839.86636404134,264839.86636404134,218.87592261491022,12.293670984321704,4219.860818227331,13456.1201171875
2011-03-02,2021-03-02,10.001368925393566,121,121000,369853.47205468296,248853.47205468296,205.66402649147352,11.8195631501679,4272.6487461476945,13059.9501953125
2011-04-02,2021-04-02,10.001368925393566,120,120000,371758.8211534214,251758.82115342142,209.7990176278512,11.969897856763367,4302.634538132139,13329.51953125
2011-05-02,2021-05-02,10.001368925393566,120,120000,381657.1086643996,261657.1086643996,218.04759055366634,12.264470719513065,4358.077274377647,13860.759765625
2011-06-02,2021-06-02,10.001368925393566,121,121000,372866.775397658,251866.775397658,208.1543598327752,11.910321062880612,4437.967402597803,13675.7900390625
2011-07-02,2021-07-02,10.001368925393566,121,121000,396215.0724432581,275215.0724432581,227.45047309360174,12.591994178522746,4497.666393232728,14727.6298828125
2011-08-02,2021-08-02,10.001368925393566,121,121000,397253.3379656654,276253.3379656654,228.30854377327717,12.621459685653047,4557.7918701747385,14963.6201171875
2011-09-02,2021-09-02,10.001368925393566,121,121000,408455.13093907764,287455.13093907764,237.5662239165931,12.935028739243215,4622.574444490497,15604.25
2011-10-02,2021-10-02,10.001368925393566,120,120000,380367.0114038797,260367.01140387967,216.97250950323306,12.226469851432231,4666.609776466002,14791.8701171875
2011-11-02,2021-11-02,10.001368925393566,121,121000,405169.3379862015,284169.3379862015,234.85069255057977,12.843860741848644,4770.033507385483,15972.490234375
2011-12-02,2021-12-02,10.001368925393566,121,121000,399735.21222161845,278735.21222161845,230.35967952199874,12.69161426532277,4840.409031986657,15990.759765625
2012-01-02,2022-01-02,10.001368925393566,120,120000,400878.1254338109,280878.1254338109,234.06510452817577,12.817362254174224,4885.2992596084005,16320.080078125
2012-02-02,2022-02-02,10.001368925393566,121,121000,367282.079257898,246282.07925789797,203.53890847760164,11.741587375497865,4987.74285982259,15139.740234375
2012-03-02,2022-03-02,9.998631074606434,121,121000,340837.3903311552,219837.3903311552,181.68379366211173,10.912972292944968,5056.624040917753,14243.6904296875
2012-04-02,2022-04-02,9.998631074606434,120,120000,349988.1414578283,229988.1414578283,191.65678454819025,11.299592169843198,5095.444628164305,14861.2099609375
2012-05-02,2022-05-02,9.998631074606434,121,121000,305108.5768724056,184108.5768724056,152.15584865488066,9.691355658007893,5185.6221773668185,13075.849609375
2012-06-02,2022-06-02,9.998631074606434,121,121000,297125.0024275639,176125.0024275639,145.55785324592057,9.400857088924175,5250.448917846486,12892.8896484375
2012-07-02,2022-07-02,9.998631074606434,120,120000,262324.3307232826,142324.3307232826,118.60360893606882,8.136020480183381,5299.857465248097,11585.6796875
2012-08-02,2022-08-02,9.998631074606434,121,121000,289299.9279289534,168299.92792895337,139.09084952806063,9.109226875449949,5396.107644789148,12901.599609375
2012-09-02,2022-09-02,9.998631074606434,121,121000,267682.2146430324,146682.2146430324,121.22497077936562,8.2650138553219,5468.840333469245,12098.4404296875
2012-10-02,2022-10-02,9.998631074606434,120,120000,238784.2347944038,118784.2347944038,98.98686232866983,7.123938537548824,5513.539737332587,10971.2197265625
2012-11-02,2022-11-02,9.998631074606434,121,121000,235447.24296395172,114447.24296395172,94.58449831731546,6.884512833000134,5604.93766875749,10906.33984375
2012-12-02,2022-12-02,9.998631074606434,121,121000,255417.94080409047,134417.94080409047,111.08920727610783,7.758377881257994,5682.081012288008,11994.259765625
2013-01-02,2023-01-02,9.998631074606434,120,120000,228867.88104644977,108867.88104644977,90.72323420537481,6.670467709776107,5735.934487061411,10939.759765625
2013-02-02,2023-02-02,9.998631074606434,121,121000,265368.13776111003,144368.13776111003,119.31251054637193,8.17104123968675,5837.851938560694,12803.1396484375
2013-03-02,2023-03-02,9.998631074606434,121,121000,246216.32999209515,125216.32999209515,103.48457024140096,7.363675921916535,5919.303907366659,12044.8701171875
2013-04-02,2023-04-02,9.998631074606434,120,120000,264671.1162966701,144671.1162966701,120.55926358055842,8.23238622700484,5976.3300780883155,13181.349609375
2013-05-02,2023-05-02,9.998631074606434,121,121000,260660.11535159085,139660.11535159085,115.42158293519904,7.977553788371927,6087.4402543939705,13113.66015625
2013-06-02,2023-06-02,9.998631074606434,121,121000,285146.54908199544,164146.54908199544,135.65830502644252,8.951539669215691,6172.7676632509365,14546.6396484375
2013-07-02,2023-07-02,9.998631074606434,120,120000,292471.0188499621,172471.0188499621,143.7258490416351,9.318951168041355,6227.985263206314,15179.2099609375
2013-08-02,2023-08-02,9.998631074606434,121,121000,292925.40483471414,171925.40483471414,142.08711143364806,9.245215032832155,6349.260042531368,15370.740234375
2013-09-02,2023-09-02,9.998631074606434,120,120000,290286.7038606989,170286.7038606989,141.90558655058243,9.237019579885718,6403.680283887682,15490.8603515625
2013-10-02,2023-10-02,9.998631074606434,121,121000,275202.24014572543,154202.24014572543,127.43986788902927,8.565427128845627,6523.733261988806,14837.5703125
2013-11-02,2023-11-02,9.998631074606434,121,121000,273136.73750982614,152136.73750982614,125.73284091721169,8.483656736434497,6609.383793720692,14919.5498046875
2013-12-02,2023-12-02,9.998631074606434,120,120000,288146.1959438999,168146.19594389992,140.12182995324994,9.156191101483735,6662.276429110847,15997.580078125
2014-01-02,2024-01-02,9.998631074606434,121,121000,295279.172461862,174279.17246186198,144.03237393542312,9.332693910644995,6779.403562866182,16543.939453125
2014-02-02,2024-02-02,9.998631074606434,121,121000,310939.7315414503,189939.7315414503,156.97498474500026,9.899241938477598,6865.543930767082,17642.73046875
2014-03-02,2024-03-02,10.001368925393566,120,120000,317255.05719232874,197255.05719232874,164.3792143269406,10.208972038430275,6922.976226722567,18302.91015625
2014-04-02,2024-04-02,10.001368925393566,121,121000,311169.657081682,190169.657081682,157.16500585262975,9.904524686553206,7046.751651451293,18121.779296875
2014-05-02,2024-05-02,10.001368925393566,121,121000,297421.394133879,176421.394133879,145.8028050693215,9.409072746822567,7136.427534890387,17541.5390625
2014-06-02,2024-06-02,10.001368925393566,120,120000,309126.9585319071,189126.95853190712,157.60579877658927,9.923345748173817,7195.742672974944,18536.650390625
2014-07-02,2024-07-02,10.001368925393566,121,121000,330443.8307156755,209443.8307156755,173.09407497163264,10.566931187743034,7327.837715658501,20011.890625
2014-08-02,2024-08-02,10.001368925393566,121,121000,300772.9050646488,179772.90506464877,148.57264881375932,9.531723470400122,7418.696182938305,18440.849609375
2014-09-02,2024-09-02,10.001368925393566,120,120000,314257.322038253,194257.322038253,161.88110169854417,10.104404703028047,7474.628943455686,19574.640625
2014-10-02,2024-10-02,10.001368925393566,121,121000,315126.55807847145,194126.55807847145,160.4351719656789,10.043469287429762,7603.654181686204,19802.58984375
2014-11-02,2024-11-02,10.001368925393566,120,120000,313769.3656767208,193769.3656767208,161.47447139726734,10.087298860274508,7661.604789923428,20033.140625
2014-12-02,2024-12-02,10.001368925393566,121,121000,328474.6981908609,207474.69819086092,171.46669271971976,10.500875448054803,7796.389088228491,21164.599609375
2015-01-02,2025-01-02,10.001368925393566,121,121000,321670.4211535607,200670.4211535607,165.8433232674055,10.269844900816484,7890.218525265019,20975.619140625
2015-02-02,2025-02-02,10.001368925393566,120,120000,324298.16814261925,204298.16814261925,170.2484734521827,10.451194048647805,7947.51974243817,21478.05078125
2015-03-02,2025-03-02,10.001368925393566,120,120000,311329.33449914755,191329.33449914755,159.44111208262294,10.001400028227557,8049.768977863093,20884.41015625
2015-04-02,2025-04-02,10.001368925393566,121,121000,289501.40711826266,168501.40711826266,139.25736125476254,9.114218171370903,8184.3999257453215,19581.779296875
2015-05-02,2025-05-02,10.001368925393566,121,121000,293543.79160305305,172543.79160305305,142.59817487855625,9.265607530945852,8286.381125935219,20102.609375
2015-06-02,2025-06-02,10.001368925393566,121,121000,310033.9297851664,189033.9297851664,156.22638825220363,9.864350478347305,8387.79727045353,21491.75
2015-07-02,2025-07-02,10.001368925393566,121,121000,322603.9237404631,201603.9237404631,166.6148130086472,10.301799635960451,8492.36033418205,22641.890625
2015-08-02,2025-08-02,10.001368925393566,120,120000,319199.41140078637,199199.41140078637,165.9995095006553,10.276320791614047,8557.651324097242,22763.310546875
2015-09-02,2025-09-02,10.001368925393566,121,121000,322689.18626597594,201689.18626597594,166.68527790576525,10.304714109057977,8711.058052184211,23231.109375
2015-10-02,2025-10-02,10.001368925393566,121,121000,340921.6127549103,219921.6127549103,181.75339897100025,10.912567507291083,8834.945685317929,24892.759765625
2015-11-02,2025-11-02,10.001368925393566,120,120000,348083.5753087847,228083.57530878473,190.06964609065392,11.235624676909106,8914.455961825697,25858.130859375
2015-12-02,2025-12-02,10.001368925393566,121,121000,340565.66983074846,219565.66983074846,181.45923126508137,10.90098370131738,9079.773031473682,25555.859375
2016-01-02,2026-01-02,10.001368925393566,121,121000,331526.8100033454,210526.81000334542,173.98909917631852,10.60310952943675,9199.698089322243,25206.169921875
2016-02-02,2026-02-02,10.001368925393566,121,121000,333807.3636298718,212807.3636298718,175.87385423956349,10.678947882868627,9329.84731226073,25738.609375
