start_date,end_date_QQQ,years_QQQ,num_investments_QQQ,total_invested_QQQ,final_value_QQQ,total_return_QQQ,total_return_pct_QQQ,xirr_QQQ,simple_cagr_QQQ,cagr_QQQ,avg_purchase_price_QQQ,final_price_QQQ,end_date_TQQQ,years_TQQQ,num_investments_TQQQ,total_invested_TQQQ,final_value_TQQQ,total_return_TQQQ,total_return_pct_TQQQ,xirr_TQQQ,simple_cagr_TQQQ,cagr_TQQQ,avg_purchase_price_TQQQ,final_price_TQQQ,TQQQ_vs_QQQ_value_ratio,TQQQ_vs_QQQ_cagr_diff,TQQQ_outperformed,TQQQ_vs_QQQ_xirr_diff
1999-03-11,2009-03-11,10.001368925393566,121,121000,83646.08383081555,-37353.91616918445,-30.871005098499545,-7.612519138706977,-3.6241505575236976,-7.612519138706977,40.14234553755632,27.75,2009-03-11,10.001368925393566,121,121000,17525.952431603295,-103474.04756839672,-85.5157417920634,-50.65200481094845,-17.566998962210967,-50.65200481094845,0.0126149576880437,0.0018271830443582,0.20952508030204595,-43.03948567224147,False,-43.03948567224147
1999-06-11,2009-06-11,10.001368925393566,121,121000,112117.66365123497,-8882.33634876505,-7.340773841954586,-1.533716067873521,-0.7594139892184937,-1.533716067873521,39.73700323378668,36.81999969482422,2009-06-11,10.001368925393566,121,121000,41721.3396015646,-79278.6603984354,-65.51955404829371,-23.841419553508413,-10.099187492263397,-23.841419553508413,0.0115387794739093,0.0039786226199878,0.37212102217316445,-22.307703485634892,False,-22.307703485634892
1999-09-11,2009-09-11,10.001368925393566,121,121000,127411.49305669122,6411.493056691223,5.298754592306795,1.0289918503027538,0.5175782208022728,1.0289918503027538,39.43066622062133,41.52000045776367,2009-09-11,10.001368925393566,121,121000,61242.92853363234,-59757.07146636766,-49.38600947633691,-14.489025671323608,-6.5818837305295474,-14.489025671323608,0.0108410146435931,0.0054870701243771,0.48067036233836885,-15.518017521626362,False,-15.518017521626362
1999-12-11,2009-12-11,10.001368925393566,121,121000,136453.1433386365,15453.143338636495,12.771192841848343,2.385136904135177,1.2089928112873904,2.385136904135177,39.132335090224394,44.130001068115234,2009-12-11,10.001368925393566,121,121000,74453.63964078546,-46546.36035921454,-38.468066412574,-10.11963125799637,-4.739481085340258,-10.11963125799637,0.0103913146871075,0.0063939768521314,0.5456352108797777,-12.504768162131546,False,-12.504768162131546
2000-03-11,2010-03-11,9.998631074606434,121,121000,147918.44527500408,26918.44527500408,22.246648987606676,3.969341065134497,2.0292961515075536,3.969341065134497,38.73316681173111,47.349998474121094,2010-03-11,9.998631074606434,121,121000,92831.2041271684,-28168.7958728316,-23.279996589117022,-5.414693891232788,-2.615624045337128,-5.414693891232788,0.0100213060334461,0.0076883463306749,0.6275836928557512,-9.384034956367284,False,-9.384034956367284
2000-06-11,2010-06-11,9.998631074606434,121,121000,143608.67962686782,22608.679626867815,18.684859195758523,3.3897778208096203,1.728010355777121,3.3897778208096203,38.33681929466033,45.5,2010-06-11,9.998631074606434,121,121000,80850.29133696367,-40149.708663036334,-33.18157740746804,-8.337752456705337,-3.9522436044439617,-8.337752456705337,0.0096991019118965,0.0064807869031714,0.5629902840624499,-11.727530277514957,False,-11.727530277514957
2000-09-11,2010-09-11,9.998631074606434,120,120000,147632.54406410016,27632.54406410016,23.0271200534168,4.062513402877625,2.094258202984567,4.062513402877625,37.877826006077335,46.599998474121094,2010-09-11,9.998631074606434,120,120000,85815.14689854698,-34184.853101453016,-28.487377584544184,-6.821981417769915,-3.2978173126308907,-6.821981417769915,0.0093763736301845,0.0067052906704162,0.581275269911268,-10.88449482064754,False,-10.88449482064754
2000-12-11,2010-12-11,9.998631074606434,120,120000,173845.09439657978,53845.09439657978,44.87091199714982,7.207109214905123,3.7768115912530265,7.207109214905123,37.61279674938392,54.4900016784668,2010-12-11,9.998631074606434,120,120000,138084.40667784633,18084.40667784633,15.070338898205277,2.7626117203830955,1.4138274918436666,2.7626117203830955,0.009116775766242,0.0104907047708042,0.7942956754525654,-4.444497494522027,False,-4.444497494522027
2001-03-11,2011-03-11,9.998631074606434,121,121000,181577.50009017385,60577.50009017385,50.0640496613007,7.932925421158796,4.142998946533205,7.932925421158796,37.64392724704319,56.4900016784668,2011-03-11,9.998631074606434,121,121000,154733.37922697197,33733.37922697197,27.878825807414852,4.847232399140782,2.4899606015998943,4.847232399140782,0.0089601446548517,0.0114581277752702,0.8521616342891012,-3.085693022018014,False,-3.085693022018014
2001-06-11,2011-06-11,9.998631074606434,120,120000,173699.5469069271,53699.546906927135,44.74962242243928,7.19330767661991,3.7681186702538394,7.19330767661991,37.747939148460304,54.63999938964844,2011-06-11,9.998631074606434,120,120000,138418.40355420695,18418.403554206947,15.34866962850579,2.8106558268201542,1.4383340409441558,2.8106558268201542,0.0087992521388488,0.01014982027942,0.7968840795444058,-4.382651849799756,False,-4.382651849799756
2001-09-11,2011-09-11,9.998631074606434,120,120000,168204.730237984,48204.73023798401,40.17060853165334,6.579311500503791,3.4350440589675513,6.579311500503791,37.93948022503353,53.18000030517578,2011-09-11,9.998631074606434,120,120000,119355.52269151554,-644.4773084844637,-0.5370644237370531,-0.1069883194906715,-0.0538440516455351,-0.1069883194906715,0.0086383585285,0.0085919649780486,0.7095848168041748,-6.6862998199944625,False,-6.6862998199944625
2001-12-11,2011-12-11,9.998631074606434,120,120000,178435.82415406947,58435.82415406947,48.69652012839123,7.70884472546635,4.047689226396356,7.70884472546635,38.34656010008173,57.02000045776367,2011-12-11,9.998631074606434,120,120000,140518.51694877856,20518.51694877856,17.098764123982132,3.1052581722014834,1.5912185843525828,3.1052581722014834,0.0085088336935402,0.0099637390965006,0.7875017116935475,-4.603586553264867,False,-4.603586553264867
2002-03-11,2012-03-11,10.001368925393566,120,120000,201829.36203838827,81829.36203838827,68.19113503199023,10.049417361969835,5.336096273634028,10.049417361969835,38.65839696646289,65.0199966430664,2012-03-11,10.001368925393566,120,120000,207424.69607383964,87424.69607383964,72.85391339486637,10.566085227254456,5.624500561911039,10.566085227254456,0.0083893238801601,0.0145012746342268,1.0277230923139278,0.5166678652846208,True,0.5166678652846208
2002-06-11,2012-06-11,10.001368925393566,121,121000,190221.95177928676,69221.95177928676,57.208224610980785,8.815356607304494,4.6272563878434925,8.815356607304494,39.317282239044935,61.810001373291016,2012-06-11,10.001368925393566,121,121000,174964.94953218987,53964.94953218987,44.59913184478502,7.215815650626975,3.756276133784775,7.215815650626975,0.0083699287704708,0.0121028443381277,0.9197936825671966,-1.5995409566775196,False,-1.5995409566775196
2002-09-11,2012-09-11,10.001368925393566,121,121000,205526.44017176112,84526.44017176112,69.85656212542241,10.28346181597929,5.439923887830633,10.28346181597929,40.286933544932424,68.43000030517578,2012-09-11,10.001368925393566,121,121000,228495.08406574075,107495.08406574075,88.83891245102542,12.285230383900362,6.562737865789647,12.285230383900362,0.0084797092112395,0.0160129906535142,1.1117551779458859,2.001768567921072,True,2.001768567921072
2002-12-11,2012-12-11,10.001368925393566,121,121000,192671.19376553505,71671.19376553505,59.23239154176451,9.057702565004746,4.761178784232567,9.057702565004746,41.43001344258532,65.97000122070312,2012-12-11,10.001368925393566,121,121000,195337.2735987932,74337.27359879322,61.43576330478779,9.319332835003015,4.9052270772392825,9.319332835003015,0.0087009642368438,0.0140464680306255,1.0138374594621682,0.2616302699982693,True,0.2616302699982693
2003-03-11,2013-03-11,10.001368925393566,121,121000,196374.8918072749,75374.8918072749,62.29329901427677,9.426153805978505,4.960811646923524,9.426153805978505,42.49713428687891,68.97000122070312,2013-03-11,10.001368925393566,121,121000,213936.81600262935,92936.81600262938,76.80728595258626,11.051556715755703,5.863592589996092,11.051556715755703,0.0088949075212685,0.0157268445763473,1.0894305989616533,1.6254029097771987,True,1.6254029097771987
2003-06-11,2013-06-11,10.001368925393566,121,121000,201574.96224199465,80574.96224199462,66.59087788594597,9.919946399046822,5.23545614460752,9.919946399046822,43.633843199489235,72.69000244140625,2013-06-11,10.001368925393566,121,121000,239322.52277596877,118322.52277596876,97.78720890575931,13.162404435161386,7.057171765325032,13.162404435161386,0.0091309154426051,0.0180597828014737,1.1872631407895662,3.2424580361145647,True,3.2424580361145647
2003-09-11,2013-09-11,10.001368925393566,121,121000,211948.6542340186,90948.6542340186,75.16417705290795,10.867967430110888,5.764810883167915,10.867967430110888,44.563905058633026,78.05999755859375,2013-09-11,10.001368925393566,121,121000,286835.7806978118,165835.7806978118,137.0543642130676,16.548095250362554,9.01334473715798,16.548095250362554,0.009256807087832,0.0219436651884905,1.3533267372441449,5.680127820251666,True,5.680127820251666
2003-12-11,2013-12-11,10.001368925393566,121,121000,227010.81597036603,106010.81597036603,87.61224460360829,12.166232648832924,6.493322708446048,12.166232648832924,45.402154046579504,85.18000030517578,2013-12-11,10.001368925393566,121,121000,362727.0368320352,241727.03683203517,199.77441060498776,20.915774096654992,11.6022446699938,20.915774096654992,0.0093464681024791,0.02801831966659,1.5978403288034768,8.749541447822068,True,8.749541447822068
2004-03-11,2014-03-11,9.998631074606434,121,121000,236197.39673128605,115197.39673128603,95.20446010850088,12.92137871430162,6.91852302452165,12.92137871430162,46.218206884492275,90.22000122070312,2014-03-11,9.998631074606434,121,121000,419333.5028661052,298333.5028661052,246.5566139389299,23.61815008821598,13.236075492085252,23.61815008821598,0.0094289604736821,0.0326766861472329,1.775351924573356,10.69677137391436,True,10.69677137391436
2004-06-11,2014-06-11,9.998631074606434,121,121000,238542.0744513438,117542.0744513438,97.14221029036678,13.102945611581498,7.024201925861084,13.102945611581498,47.11827023387465,92.88999938964844,2014-06-11,9.998631074606434,121,121000,441511.32509030553,320511.32509030553,264.88539263661613,24.566143436936947,13.821248309516877,24.566143436936947,0.0095361008693096,0.0347958390992044,1.8508740066329976,11.463197825355449,True,11.463197825355449
2004-09-11,2014-09-11,9.998631074606434,121,121000,251272.8109349916,130272.81093499158,107.66348011156327,14.074432347050736,7.582184311619256,14.074432347050736,48.15001550106537,99.98999786376952,2014-09-11,9.998631074606434,121,121000,534486.4080195811,413486.4080195811,341.72430414841415,28.099427864887105,16.01762275803229,28.099427864887105,0.0096882161318658,0.0427952052928787,2.127115966231068,14.024995517836368,True,14.024995517836368
2004-12-11,2014-12-11,9.998631074606434,121,121000,255446.989844224,134446.98984422398,111.11321474729256,14.385148103286014,7.759603537447779,14.385148103286014,49.16793255979207,103.8000030517578,2014-12-11,9.998631074606434,121,121000,575175.4105279661,454175.4105279661,375.3515789487323,29.464053150061908,16.872077263184913,29.464053150061908,0.0098280137094691,0.0467176183472594,2.2516429372634925,15.078905046775894,True,15.078905046775894
2005-03-11,2015-03-11,9.998631074606434,121,121000,253564.23602072595,132564.23602072595,109.55721985183962,14.255071064210249,7.679904524459458,14.255071064210249,50.158138519238825,105.11000061035156,2015-03-11,9.998631074606434,121,121000,575799.1553588666,454799.15535886656,375.86707054451784,29.50021863715891,16.884746925184935,29.50021863715891,0.0099512908819232,0.0473549164011716,2.2708216442314115,15.24514757294866,True,15.24514757294866
2005-06-11,2015-06-11,9.998631074606434,121,121000,258543.5487944875,137543.5487944875,113.6723543756095,14.615105826753824,7.889541671555,14.615105826753824,51.316887412176776,109.6500015258789,2015-06-11,9.998631074606434,121,121000,629845.0434161565,508845.04341615655,420.5330937323608,31.15937105078944,17.938240290689045,31.15937105078944,0.0101258290510188,0.0527082912253185,2.4361274777612465,16.544265224035613,True,16.544265224035613
2005-09-11,2015-09-11,9.998631074606434,121,121000,243600.73027938488,122600.73027938488,101.3229175862685,13.493785635412628,7.24905697844227,13.493785635412628,52.43814313866508,105.56999969482422,2015-09-11,9.998631074606434,121,121000,526740.8541350223,405740.85413502227,335.3230199462994,27.830769154482244,15.848365142160814,27.830769154482244,0.0102785282886823,0.0447447997523267,2.162312294921714,14.336983519069616,True,14.336983519069616
2005-12-11,2015-12-11,9.998631074606434,121,121000,250232.3134485707,129232.3134485707,106.8035648335295,13.999844559913344,7.537546183106336,13.999844559913344,53.57257792181188,110.79000091552734,2015-12-11,9.998631074606434,121,121000,582516.6220025227,461516.6220025227,381.4186958698535,29.702109283028232,17.020416552371408,29.702109283028232,0.0104264537445329,0.0501948976424041,2.3279032750590187,15.702264723114888,True,15.702264723114888
2006-03-11,2016-03-11,10.001368925393566,121,121000,236006.04729994948,115006.04729994948,95.04632008260288,12.90188117075248,6.907901505856895,12.90188117075248,54.597286336225466,106.48999786376952,2016-03-11,10.001368925393566,121,121000,487111.95986508095,366111.95986508095,302.5718676570917,26.38689274945216,14.941289089047483,26.38689274945216,0.0105334345807785,0.042404644320278,2.0639808404824094,13.485011578699678,True,13.485011578699678
2006-06-11,2016-06-11,10.001368925393566,120,120000,235512.43796112933,115512.43796112933,96.26036496760776,12.944236689147676,6.974250440387597,12.944236689147676,55.50789761314592,108.94000244140624,2016-06-11,10.001368925393566,120,120000,504827.864847374,384827.864847374,320.68988737281165,27.089923332727693,15.448333127103652,27.089923332727693,0.0106011592423485,0.0445980048768483,2.143529527432833,14.145686643580017,True,14.145686643580017
2006-09-11,2016-09-11,10.001368925393566,120,120000,240900.4037823487,120900.4037823487,100.7503364852906,13.369980912946373,7.216465364710278,13.369980912946373,56.926429504475784,114.27999877929688,2016-09-11,10.001368925393566,120,120000,557078.1952788265,437078.1952788265,364.2318293990221,28.918097412730383,16.590822354813596,28.918097412730383,0.0108298134516936,0.0502754411072989,2.312483443498673,15.54811649978401,True,15.54811649978401
2006-12-11,2016-12-11,10.001368925393566,120,120000,246287.11647523227,126287.11647523228,105.2392637293602,13.785699459881984,7.453798087134866,13.785699459881984,58.22472651119002,119.5,2016-12-11,10.001368925393566,120,120000,614766.0951926723,494766.09519267234,412.3050793272269,30.749547307760285,17.745184511857804,30.749547307760285,0.0110032504978012,0.0563702111913342,2.496135827123121,16.9638478478783,True,16.9638478478783
2007-03-11,2017-03-11,10.001368925393566,120,120000,265088.5453372767,145088.5453372767,120.90712111439726,15.161710874941742,8.247097525512759,15.161710874941742,59.47748480303984,131.38999938964844,2017-03-11,10.001368925393566,120,120000,793400.8322790451,673400.8322790451,561.1673602325376,35.50497875470584,20.786921533748128,35.50497875470584,0.0111492638036575,0.0737152931760045,2.9929653552913336,20.3432678797641,True,20.3432678797641
2007-06-11,2017-06-11,10.001368925393566,120,120000,276162.0908936471,156162.0908936471,130.13507574470594,15.927133269216643,8.690935571979285,15.927133269216643,60.82514596028902,139.97999572753906,2017-06-11,10.001368925393566,120,120000,924469.805441548,804469.805441548,670.3915045346233,38.37763584583283,22.6475879981904,38.37763584583283,0.0113102744036464,0.0871333931452465,3.3475623046233776,22.450502576616184,True,22.450502576616184
2007-09-11,2017-09-11,10.001368925393566,121,121000,282736.98082453,161736.98082453,133.66692630126445,16.278783905687977,8.856578419638893,16.278783905687977,62.42646206982616,145.8699951171875,2017-09-11,10.001368925393566,121,121000,1006396.6608425695,885396.6608425695,731.7327775558426,39.912058626979515,23.590699285262783,39.912058626979515,0.0115304115862174,0.0959022125496668,3.559480114372274,23.63327472129154,True,23.63327472129154
2007-12-11,2017-12-11,10.001368925393566,121,121000,295898.2729692178,174898.2729692178,144.54402724728743,17.129766940965755,9.352921541994252,17.129766940965755,63.75129895887231,155.89999389648438,2017-12-11,10.001368925393566,121,121000,1188055.7273667413,1067055.7273667413,881.8642374931746,43.059383443916914,25.65841158514981,43.059383443916914,0.0116615440156491,0.1145005302291847,4.015081654397943,25.92961650295116,True,25.92961650295116
2008-03-11,2018-03-11,9.998631074606434,120,120000,319824.5062601492,199824.5062601492,166.52042188345766,18.664082296208385,10.30085475562057,18.664082296208385,64.97063243349797,173.16000366210938,2018-03-11,9.998631074606434,120,120000,1534973.1337717208,1414973.1337717208,1179.1442781431008,48.039805815940475,29.03487582803117,48.039805815940475,0.0117560966902992,0.1503774381469333,4.799423132770054,29.37572351973209,True,29.37572351973209
2008-06-11,2018-06-11,9.998631074606434,121,121000,315587.98481478245,194587.98481478245,160.81651637585327,18.334725118080293,10.062458381229922,18.334725118080293,67.06247215189887,174.91000366210938,2018-06-11,9.998631074606434,121,121000,1479207.4236360418,1358207.4236360418,1122.4854740793735,47.26080340652332,28.451522538593377,47.26080340652332,0.0120820711440428,0.1477015647038599,4.687147466986691,28.92607828844303,True,28.92607828844303
2008-09-11,2018-09-11,9.998631074606434,121,121000,321644.45107546676,200644.45107546676,165.82186039294774,18.6825447045952,10.27190630924979,18.6825447045952,68.88823772675909,183.1199951171875,2018-09-11,9.998631074606434,121,121000,1619264.3120071108,1498264.3120071108,1238.234968600918,48.99015333439056,29.618998302684375,48.99015333439056,0.0123229623512569,0.164910191352046,5.034330008159184,30.307608629795364,True,30.307608629795364
2008-12-11,2018-12-11,9.998631074606434,121,121000,276478.75030176697,155478.75030176697,128.49483496013798,15.865286430345927,8.615686671697208,15.865286430345927,71.6033693448231,163.61000061035156,2018-12-11,9.998631074606434,121,121000,1003590.383394112,882590.3833941121,729.413539995134,39.86968872578126,23.563354805781913,39.86968872578126,0.0131320637575342,0.1089191148857829,3.629900606461538,24.004402295435334,True,24.004402295435334
2009-03-11,2019-03-11,9.998631074606434,121,121000,280683.66850724444,159683.66850724444,131.9699739729293,16.156827214189978,8.779781102508966,16.156827214189978,75.32440200555004,174.72999572753906,2019-03-11,9.998631074606434,121,121000,1001083.0682221932,880083.0682221933,727.3413786960275,39.84375277162705,23.532445422950275,39.84375277162705,0.0151555778766566,0.1253883669540814,3.566588229184254,23.686925557437075,True,23.686925557437075
2009-06-11,2019-06-11,9.998631074606434,121,121000,280104.87849010224,159104.87849010224,131.49163511578698,16.11308075253495,8.757326009736044,16.11308075253495,79.22532224749796,183.3999938964844,2019-06-11,9.998631074606434,121,121000,952766.125231792,831766.1252317919,687.4100208527205,38.89983026331487,22.92277720523346,38.89983026331487,0.0177623050270604,0.1398621697175008,3.4014620893704244,22.786749510779917,True,22.786749510779917
2009-09-11,2019-09-11,9.998631074606434,121,121000,281405.6644034909,160405.6644034909,132.56666479627347,16.19426078936718,8.807733756569625,16.19426078936718,82.74186364771941,192.42999267578125,2019-09-11,9.998631074606434,121,121000,943666.6309343388,822666.6309343387,679.8897776316849,38.707461762839486,22.80485473726468,38.707461762839486,0.0198839612692268,0.1550729813269437,3.353403112672498,22.513200973472305,True,22.513200973472305
2009-12-11,2019-12-11,9.998631074606434,121,121000,288429.83699345624,167429.83699345624,138.3717661102944,16.656540147238772,9.07636247264294,16.656540147238772,85.99172589621833,204.97999572753903,2019-12-11,9.998631074606434,121,121000,1022017.889639196,901017.889639196,744.6428839993356,40.2155882419835,23.788414354152,40.2155882419835,0.0216359351274394,0.1827463864406295,3.5433847631456485,23.559048094744725,True,23.559048094744725
2010-03-11,2020-03-11,10.001368925393566,121,121000,264316.3563852631,143316.3563852631,118.44326973988686,15.02762121263176,8.12577223097466,15.02762121263176,89.36874157448888,195.22000122070312,2020-03-11,10.001368925393566,121,121000,746356.0002952346,625356.0002952346,516.8231407398633,34.31969093016444,19.95138051410088,34.31969093016444,0.0234925678536061,0.1449075948750569,2.8237223397834623,19.292069717532684,True,19.292069717532684
2010-06-11,2020-06-11,10.001368925393566,121,121000,305417.9499198764,184417.9499198764,152.41152885940198,17.72021277935757,9.699693690318156,17.72021277935757,92.7136748982708,234.02000427246097,2020-06-11,10.001368925393566,121,121000,945790.8710527768,824790.8710527768,681.6453479775015,38.7486631420458,22.82555968610176,38.7486631420458,0.0252570809209013,0.1974207980531387,3.0967101681512053,21.02845036268823,True,21.02845036268823
2010-09-11,2020-09-11,10.001368925393566,121,121000,338083.8315207605,217083.8315207605,179.40812522376902,19.60369677116774,10.819910552606494,19.60369677116774,96.79389673812688,270.45001220703125,2020-09-11,10.001368925393566,121,121000,1246238.5983759277,1125238.5983759277,929.9492548561384,43.95820579134488,26.260562549135912,43.95820579134488,0.027988366237214,0.2882659695065929,3.686182189695755,24.35450902017714,True,24.35450902017714
2010-12-11,2020-12-11,10.001368925393566,121,121000,362294.877998951,241294.877998951,199.4172545445876,20.88998708915597,11.588942885527498,20.88998708915597,100.8124954464058,301.8500061035156,2020-12-11,10.001368925393566,121,121000,1507658.434403892,1386658.434403892,1145.9987061189188,47.60691465794236,28.68761864592877,47.60691465794236,0.0305202960359335,0.3802824937113954,4.161412501140182,26.716927568786392,True,26.716927568786392
2011-03-11,2021-03-11,10.001368925393566,121,121000,367726.6156476376,246726.6156476376,203.90629392366745,21.178342482277884,11.755102702005328,21.178342482277884,104.65068177390378,318.0400085449219,2021-03-11,10.001368925393566,121,121000,1579443.214645126,1458443.214645126,1205.3249707810958,48.52797984670194,29.2875165680184,48.52797984670194,0.0326195868336625,0.4257916123054203,4.295156095414582,27.349637364424055,True,27.349637364424055
2011-06-11,2021-06-11,10.001368925393566,121,121000,379753.56900330813,258753.56900330813,213.8459247961224,21.769293555424436,12.11529155331872,21.769293555424436,108.7285076127874,341.239990234375,2021-06-11,10.001368925393566,121,121000,1768001.493773093,1647001.493773093,1361.1582593166056,50.69823597041009,30.7536388593753,50.69823597041009,0.0349391395750728,0.5105161236353332,4.655654714222558,28.928942414985652,True,28.928942414985652
2011-09-11,2021-09-11,10.001368925393566,120,120000,400679.04111418413,280679.04111418413,233.8992009284868,22.81339300500332,12.811759026529025,22.81339300500332,112.78553386491846,376.5899963378906,2021-09-11,10.001368925393566,120,120000,2146217.514546582,2026217.514546582,1688.514595455485,54.49988556302841,33.42343134577366,54.49988556302841,0.0378464476194308,0.6768892395349355,5.356450660804493,31.686492558025087,True,31.686492558025087
2011-12-11,2021-12-11,10.001368925393566,120,120000,405319.67991650786,285319.67991650786,237.76639993042323,23.02975406117273,12.941723058270949,23.02975406117273,117.83588001873822,398.010009765625,2021-12-11,10.001368925393566,120,120000,2227049.2234098986,2107049.2234098986,1755.874352841582,55.23443807964021,33.91754954633719,55.23443807964021,0.0418340097362582,0.7763866574604672,5.494549941095015,32.20468401846748,True,32.20468401846748
2012-03-11,2022-03-11,9.998631074606434,121,121000,317483.6411784146,196483.64117841455,162.38317452761535,18.451830223184754,10.128401091292716,18.451830223184754,123.63597417422886,324.3999938964844,2022-03-11,9.998631074606434,121,121000,1007968.9557800872,886968.9557800873,733.0321948595763,39.969936026206696,23.617166177571548,39.969936026206696,0.0465161238726603,0.3874942876600216,3.174868953999568,21.518105803021943,True,21.518105803021943
2012-06-11,2022-06-11,9.998631074606434,120,120000,271231.3596332887,151231.3596332887,126.02613302774056,15.586232737009183,8.49774558886358,15.586232737009183,127.79053132871178,288.8399963378906,2022-06-11,9.998631074606434,120,120000,582083.5779175917,462083.57791759167,385.0696482646597,29.7356854821232,17.10887245051802,29.7356854821232,0.0499873491909846,0.2424734588975366,2.1460777201595813,14.149452745114015,True,14.149452745114015
2012-09-11,2022-09-11,9.998631074606434,120,120000,277070.57843054284,157070.57843054284,130.89214869211904,15.985222961265285,8.72912474014731,15.985222961265285,133.0014892569504,307.0899963378906,2022-09-11,9.998631074606434,120,120000,586764.5953354258,466764.5953354258,388.9704961128549,29.88818455577644,17.202723188195577,29.88818455577644,0.0549161094764469,0.2685235729528612,2.1177441454056023,13.902961594511156,True,13.902961594511156
2012-12-11,2022-12-11,9.998631074606434,120,120000,244633.2220199164,124633.2220199164,103.86101834993032,13.663232741296314,7.383524490436244,13.663232741296314,138.34916102537866,282.0400085449219,2022-12-11,9.998631074606434,120,120000,374168.33803581767,254168.33803581767,211.8069483631814,21.562226617588827,12.045737810132673,21.562226617588827,0.0603032899433212,0.1880298481348711,1.5295074599694205,7.898993876292513,True,7.898993876292513
2013-03-11,2023-03-11,9.998631074606434,120,120000,240370.6544988662,120370.6544988662,100.30887874905515,13.336091108047093,7.1949066997442745,13.336091108047093,144.05252008547313,288.54998779296875,2023-03-11,9.998631074606434,120,120000,338890.43434566044,218890.43434566044,182.4086952880504,19.730769837860045,10.941486192158225,19.730769837860045,0.0666570606607383,0.1882453353293555,1.4098660880721567,6.394678729812952,True,6.394678729812952
2013-06-11,2023-06-11,9.998631074606434,120,120000,283685.87450601644,163685.87450601644,136.40489542168038,16.431383115015855,8.986012276709655,16.431383115015855,149.95459352382315,354.5,2023-06-11,9.998631074606434,120,120000,541480.0089378209,421480.0089378209,351.2333407815174,28.410148737950617,16.265021867100593,28.410148737950617,0.0734158276367889,0.3312766917078831,1.908730950671064,11.978765622934763,True,11.978765622934763
2013-09-11,2023-09-11,9.998631074606434,121,121000,290635.1745175161,169635.1745175161,140.1943591053852,16.796399603477344,9.159488183590048,16.796399603477344,156.94373615797846,376.9700012207031,2023-09-11,9.998631074606434,121,121000,565802.8031876604,444802.8031876604,367.6056224691408,29.157304504348485,16.680194354307964,29.157304504348485,0.0811247130731301,0.3793437195419146,1.9467802000461591,12.360904900871141,True,12.360904900871141
2013-12-11,2023-12-11,9.998631074606434,121,121000,293192.45059749304,172192.45059749304,142.30781041115125,16.962211248953246,9.255171664354078,16.962211248953246,163.23039209613097,395.5199890136719,2023-12-11,9.998631074606434,121,121000,570967.9899173168,449967.9899173168,371.8743718324933,29.33000688878015,16.78629061534489,29.33000688878015,0.0882711824576466,0.4165290877311338,1.947417093290597,12.367795639826905,True,12.367795639826905
2014-03-11,2024-03-11,10.001368925393566,121,121000,312157.42555380694,191157.42555380697,157.98134343289829,18.131866493321333,9.93935797380312,18.131866493321333,169.54327348954362,437.3900146484375,2024-03-11,10.001368925393566,121,121000,685292.2307301052,564292.2307301052,466.35721547942575,32.72718821025805,18.932003769848382,32.72718821025805,0.0949634069098265,0.5378321070988904,2.1953417558922705,14.595321716936716,True,14.595321716936716
2014-06-11,2024-06-11,10.001368925393566,121,121000,321068.168673459,200068.16867345895,165.3455939450074,18.649945261780985,10.249184869629511,18.649945261780985,176.38129280965885,468.0199890136719,2024-06-11,10.001368925393566,121,121000,740604.2525923474,619604.2525923474,512.0696302416095,34.16558549461591,19.85863124944376,34.16558549461591,0.1027949464704611,0.629176648768812,2.30668850061426,15.515640232834926,True,15.515640232834926
2014-09-11,2024-09-11,10.001368925393566,121,121000,309597.76436215447,188597.76436215447,155.86592096045823,17.96780689758567,9.84888674128721,17.96780689758567,183.1506100375159,468.6199951171875,2024-09-11,10.001368925393566,121,121000,647583.6658998898,526583.6658998898,435.1931123139585,31.655846167981704,18.26087287257929,31.655846167981704,0.1100194461098099,0.5888164977856702,2.0916936116579112,13.688039270396033,True,13.688039270396033
2014-12-11,2024-12-11,10.001368925393566,121,121000,337020.20010249905,216020.20010249905,178.52909099380085,19.547896148808753,10.78500128429949,19.547896148808753,190.2566015705521,529.9199829101562,2024-12-11,10.001368925393566,121,121000,835343.3701486861,714343.3701486861,590.3664216104844,36.41120050632525,21.309966047353313,36.41120050632525,0.1176154659879636,0.811977683801601,2.4786151390766205,16.863304357516498,True,16.863304357516498
2015-03-11,2025-03-11,10.001368925393566,121,121000,289067.47184864973,168067.47184864973,138.89873706499978,16.702442387606904,9.097854178267184,16.702442387606904,197.4058180036349,471.6000061035156,2025-03-11,10.001368925393566,121,121000,521181.616594988,400181.616594988,330.72860875618846,27.64412226361491,15.720870317359603,27.64412226361491,0.1250437604618585,0.5385992497737839,1.8029756626088627,10.941679876008006,True,10.941679876008006
2015-06-11,2025-06-11,10.001368925393566,121,121000,314624.74511884747,193624.74511884747,160.02045051144418,18.27544252888562,10.02593560603986,18.27544252888562,204.7569612687439,532.4099731445312,2025-06-11,10.001368925393566,121,121000,625070.5248180071,504070.52481800714,416.5872105933944,31.010740984624892,17.843220834123418,31.010740984624892,0.1326108688774307,0.6850507884775829,1.986717620007577,12.735298455739272,True,12.735298455739272
2015-09-11,2025-09-11,10.001368925393566,121,121000,332270.44044174545,211270.44044174545,174.60366978656648,19.284098854329084,10.62788993572239,19.284098854329084,212.6992758486495,584.0800170898438,2025-09-11,10.001368925393566,121,121000,748177.5542877318,627177.5542877318,518.3285572625882,34.35037461579765,19.9806197028251,34.35037461579765,0.1408724162279563,0.8710543788432703,2.251712650975055,15.066275761468564,True,15.066275761468564
2015-12-11,2025-12-11,10.001368925393566,121,121000,341611.46113918466,220611.46113918463,182.32352160263196,19.802001183503588,10.934986974878049,19.802001183503588,221.5826770432336,625.5800170898438,2025-12-11,10.001368925393566,121,121000,814568.2883448794,693568.2883448794,573.1969325164292,35.94481456925015,21.00487789176548,35.94481456925015,0.151384215651725,1.0191138960814692,2.384487586067832,16.14281338574656,True,16.14281338574656
